-- MariaDB dump 10.19  Distrib 10.6.16-MariaDB, for debian-linux-gnu (x86_64)
--
-- Host: localhost    Database: acentral
-- ------------------------------------------------------
-- Server version	10.6.16-MariaDB-0ubuntu0.22.04.1

/*!40101 SET @OLD_CHARACTER_SET_CLIENT=@@CHARACTER_SET_CLIENT */;
/*!40101 SET @OLD_CHARACTER_SET_RESULTS=@@CHARACTER_SET_RESULTS */;
/*!40101 SET @OLD_COLLATION_CONNECTION=@@COLLATION_CONNECTION */;
/*!40101 SET NAMES utf8mb4 */;
/*!40103 SET @OLD_TIME_ZONE=@@TIME_ZONE */;
/*!40103 SET TIME_ZONE='+00:00' */;
/*!40014 SET @OLD_UNIQUE_CHECKS=@@UNIQUE_CHECKS, UNIQUE_CHECKS=0 */;
/*!40014 SET @OLD_FOREIGN_KEY_CHECKS=@@FOREIGN_KEY_CHECKS, FOREIGN_KEY_CHECKS=0 */;
/*!40101 SET @OLD_SQL_MODE=@@SQL_MODE, SQL_MODE='NO_AUTO_VALUE_ON_ZERO' */;
/*!40111 SET @OLD_SQL_NOTES=@@SQL_NOTES, SQL_NOTES=0 */;

--
-- Table structure for table `caracFisicas`
--

DROP TABLE IF EXISTS `caracFisicas`;
/*!40101 SET @saved_cs_client     = @@character_set_client */;
/*!40101 SET character_set_client = utf8 */;
CREATE TABLE `caracFisicas` (
  `idcaracteristicas` int(11) NOT NULL,
  `caracteristicas` varchar(100) NOT NULL,
  PRIMARY KEY (`idcaracteristicas`)
) ENGINE=InnoDB DEFAULT CHARSET=utf8mb3 COLLATE=utf8mb3_spanish_ci;
/*!40101 SET character_set_client = @saved_cs_client */;

--
-- Dumping data for table `caracFisicas`
--

LOCK TABLES `caracFisicas` WRITE;
/*!40000 ALTER TABLE `caracFisicas` DISABLE KEYS */;
INSERT INTO `caracFisicas` VALUES (1,'Soporte: Papel (X) Medio Electronico ( )  Otros ( )'),(2,'Soporte: Papel ( ) Medio Electronico (X)  Otros ( )'),(3,'Soporte: Papel (X) Medio Electronico (X)  Otros ( )'),(4,'Soporte: Papel ( ) Medio Electronico ( )  Otros (X)'),(5,'Soporte: Papel (X) Medio Electronico ( )  Otros (X)'),(6,'Soporte: Papel ( ) Medio Electronico (X)  Otros (X)'),(7,'Soporte: Papel (X) Medio Electronico (X)  Otros (X)');
/*!40000 ALTER TABLE `caracFisicas` ENABLE KEYS */;
UNLOCK TABLES;

--
-- Table structure for table `entidad`
--

DROP TABLE IF EXISTS `entidad`;
/*!40101 SET @saved_cs_client     = @@character_set_client */;
/*!40101 SET character_set_client = utf8 */;
CREATE TABLE `entidad` (
  `identidad` int(11) NOT NULL AUTO_INCREMENT,
  `entidad` varchar(100) NOT NULL,
  `sigla` varchar(10) DEFAULT NULL,
  PRIMARY KEY (`identidad`)
) ENGINE=InnoDB AUTO_INCREMENT=2 DEFAULT CHARSET=utf8mb3 COLLATE=utf8mb3_spanish_ci;
/*!40101 SET character_set_client = @saved_cs_client */;

--
-- Dumping data for table `entidad`
--

LOCK TABLES `entidad` WRITE;
/*!40000 ALTER TABLE `entidad` DISABLE KEYS */;
INSERT INTO `entidad` VALUES (1,'Universidad Nacional de Juliaca','UNAJ');
/*!40000 ALTER TABLE `entidad` ENABLE KEYS */;
UNLOCK TABLES;

--
-- Table structure for table `frecuenciaServicio`
--

DROP TABLE IF EXISTS `frecuenciaServicio`;
/*!40101 SET @saved_cs_client     = @@character_set_client */;
/*!40101 SET character_set_client = utf8 */;
CREATE TABLE `frecuenciaServicio` (
  `idfrecuencia` int(11) NOT NULL,
  `frecuencia` varchar(150) NOT NULL,
  PRIMARY KEY (`idfrecuencia`)
) ENGINE=InnoDB DEFAULT CHARSET=utf8mb3 COLLATE=utf8mb3_spanish_ci;
/*!40101 SET character_set_client = @saved_cs_client */;

--
-- Dumping data for table `frecuenciaServicio`
--

LOCK TABLES `frecuenciaServicio` WRITE;
/*!40000 ALTER TABLE `frecuenciaServicio` DISABLE KEYS */;
INSERT INTO `frecuenciaServicio` VALUES (1,'Alta ( X )  Media ( )  Baja ( )   Nula ( )'),(2,'Alta (  )   Media ( X )  Baja ( )   Nula ( )'),(3,'Alta (  )  Media ( )  Baja ( X )   Nula ( )'),(4,'Alta (  )  Media ( )  Baja ( )   Nula ( X )');
/*!40000 ALTER TABLE `frecuenciaServicio` ENABLE KEYS */;
UNLOCK TABLES;

--
-- Table structure for table `login`
--

DROP TABLE IF EXISTS `login`;
/*!40101 SET @saved_cs_client     = @@character_set_client */;
/*!40101 SET character_set_client = utf8 */;
CREATE TABLE `login` (
  `idlogin` int(11) NOT NULL AUTO_INCREMENT,
  `idpersonal` int(11) NOT NULL,
  `username` varchar(60) NOT NULL,
  `passwd` varchar(255) NOT NULL,
  `nivusu` tinyint(2) NOT NULL DEFAULT 2,
  `chkusu` tinyint(2) NOT NULL DEFAULT 1,
  PRIMARY KEY (`idlogin`),
  UNIQUE KEY `username_UNIQUE` (`username`)
) ENGINE=InnoDB AUTO_INCREMENT=2 DEFAULT CHARSET=utf8mb3 COLLATE=utf8mb3_general_ci;
/*!40101 SET character_set_client = @saved_cs_client */;

--
-- Dumping data for table `login`
--

LOCK TABLES `login` WRITE;
/*!40000 ALTER TABLE `login` DISABLE KEYS */;
INSERT INTO `login` VALUES (1,1,'edgar','edgar',1,1);
/*!40000 ALTER TABLE `login` ENABLE KEYS */;
UNLOCK TABLES;

--
-- Table structure for table `seccion`
--

DROP TABLE IF EXISTS `seccion`;
/*!40101 SET @saved_cs_client     = @@character_set_client */;
/*!40101 SET character_set_client = utf8 */;
CREATE TABLE `seccion` (
  `idseccion` int(11) NOT NULL AUTO_INCREMENT,
  `seccion` varchar(200) NOT NULL,
  `codigo` varchar(10) DEFAULT NULL,
  PRIMARY KEY (`idseccion`)
) ENGINE=InnoDB AUTO_INCREMENT=61 DEFAULT CHARSET=utf8mb3 COLLATE=utf8mb3_spanish_ci;
/*!40101 SET character_set_client = @saved_cs_client */;

--
-- Dumping data for table `seccion`
--

LOCK TABLES `seccion` WRITE;
/*!40000 ALTER TABLE `seccion` DISABLE KEYS */;
INSERT INTO `seccion` VALUES (1,'Asamblea Universitaria','ASUN'),(2,'Consejo Universitario','CU'),(3,'Presidencia de la comisión organizadora','PCO'),(4,'Vicerrectorado Académico','VPAC'),(5,'Pronabec','PRONABEC'),(6,'Centro de Informática','CDI'),(7,'Centro de Idiomas','CI'),(8,'PsyEC','PsyEC'),(9,'Departamento Academico','DACA'),(10,'Vicerrectorado de Investigación','VPIN'),(11,'Defensoría Universitaria','DEUN'),(12,'Tribunal de Honor Universitario','THU'),(13,'Comisión Permanente de Fiscalización','CPF'),(14,'Órgano de Control Institucional','OCI'),(15,'Oficina de Asesoría Jurídica','OAJ'),(16,'Oficina de Planeamiento y Presupuesto','OPP'),(17,'Unidad de Planeamiento y Modernización','UPM'),(18,'Unidad de Presupuesto','UP'),(19,'Unidad Formuladora','UF'),(20,'Oficina de Cooperación y Relaciones Internacionales','OCRI'),(21,'Grados y titulos','GRTI'),(22,'Escuela de Posgrado','EPOS'),(23,'Oficina de Gestión de la Calidad','OGC'),(24,'Oficina de Comunicación e Imagen Institucional','OCII'),(25,'Dirección General de Administración','DIGA'),(26,'Unidad de Recursos Humanos','RH'),(27,'Unidad de Abastecimiento','ABAS'),(28,'Almacen','ALMA'),(29,'Unidad Ejecutora de Inversiones','UEI'),(30,'Unidad de Contabilidad','CONTA'),(31,'Unidad de Tesorería','TESO'),(32,'Caja','CAJA'),(33,'Unidad de Servicios Generales','USG'),(34,'Oficina de Tecnologías de la Información','OTI'),(35,'Secretaría General','SG'),(36,'Archivo Central','AC'),(37,'Consejo de Facultad','COFA'),(38,'Decanato','DECA'),(39,'Dirección de Proyección Social y Extensión Cultural','DPSEC'),(40,'Dirección de Bienestar Universitario','DBU'),(41,'Biblioteca','BIBLIO'),(42,'Salud','SALUD'),(43,'Psicologia','PSICO'),(44,'Deporte y Recreación','DyR'),(45,'Arte','ARTE'),(46,'Servicios sociales','SS'),(47,'Comedor Universitario','COMU'),(48,'Dirección de Gestión de Asuntos Académicos','DIGEAA'),(49,'Registro Academico','RA'),(50,'EPDEA','EPDEA'),(51,'Seguimiento y monitoreo de docentes','SMD'),(52,'Seguimiento al egresado y bolsa de trabajo','SeyBT'),(53,'Tutoria','TUTO'),(54,'Curricula','CUR'),(55,'Dirección de Admisión','DA'),(56,'Centro Preuniversitario','CEPRE'),(57,'Dirección de Centros de Producción de Bienes y Servicios','DPByS'),(58,'Dirección de Incubadora de Empresas','DIE'),(59,'Dirección de Innovación y Transferencia Tecnológica','DITT'),(60,'Instituto de Investigación','ININ');
/*!40000 ALTER TABLE `seccion` ENABLE KEYS */;
UNLOCK TABLES;

--
-- Table structure for table `series`
--

DROP TABLE IF EXISTS `series`;
/*!40101 SET @saved_cs_client     = @@character_set_client */;
/*!40101 SET character_set_client = utf8 */;
CREATE TABLE `series` (
  `idseries` int(11) NOT NULL AUTO_INCREMENT,
  `identidad` varchar(80) NOT NULL,
  `coduniorganica` int(11) DEFAULT NULL,
  `desuniorganica` varchar(150) DEFAULT NULL,
  `idseccion` varchar(10) DEFAULT NULL,
  `codserie` varchar(20) DEFAULT NULL,
  `serie` varchar(120) DEFAULT NULL,
  `valor` char(20) DEFAULT NULL,
  `ag` int(11) DEFAULT 0,
  `ac` int(11) DEFAULT 0,
  `total` int(11) DEFAULT 0,
  `docgestion` text DEFAULT NULL,
  `definicion` text DEFAULT NULL,
  `tiposdoc` text DEFAULT NULL,
  `frecServicio` varchar(100) DEFAULT NULL,
  `normativa` text DEFAULT NULL,
  `accesibilidad` varchar(20) DEFAULT NULL,
  `caracFisicas` varchar(100) DEFAULT NULL,
  `fecElaboracion` date DEFAULT NULL,
  `fecCreate` datetime DEFAULT NULL,
  `estado` tinyint(4) DEFAULT 0,
  PRIMARY KEY (`idseries`)
) ENGINE=InnoDB AUTO_INCREMENT=406 DEFAULT CHARSET=utf8mb3 COLLATE=utf8mb3_spanish_ci;
/*!40101 SET character_set_client = @saved_cs_client */;

--
-- Dumping data for table `series`
--

LOCK TABLES `series` WRITE;
/*!40000 ALTER TABLE `series` DISABLE KEYS */;
INSERT INTO `series` VALUES (1,'UNIVERSIDAD NACIONAL DE JULIACA - UNAJ',1,'ASAMBLEA UNIVERSITARIA','1','ASUN/01','Estatutos de la universidad','',0,0,0,'Ley Universitaria Nª 30220, Resolución N° 272-2018-CCO-UNAJ - Reglamento de Organización y Funciones de la UNAJ','','','','','','','2024-04-01','2024-04-01 00:00:00',0),(2,'UNIVERSIDAD NACIONAL DE JULIACA - UNAJ',1,'ASAMBLEA UNIVERSITARIA','1','ASUN/02','Comité electoral universitario','',0,0,0,'Ley Universitaria Nª 30220, Resolución N° 272-2018-CCO-UNAJ - Reglamento de Organización y Funciones de la UNAJ','','','','','','','2024-04-01','2024-04-01 00:00:00',0),(3,'UNIVERSIDAD NACIONAL DE JULIACA - UNAJ',1,'ASAMBLEA UNIVERSITARIA','1','ASUN/03','Resultados de fiscalización','',0,0,0,'Ley Universitaria Nª 30220, Resolución N° 272-2018-CCO-UNAJ - Reglamento de Organización y Funciones de la UNAJ','','','','','','','2024-04-01','2024-04-01 00:00:00',0),(4,'UNIVERSIDAD NACIONAL DE JULIACA - UNAJ',1,'ASAMBLEA UNIVERSITARIA','1','ASUN/04','Memoria anual','',0,0,0,'Ley Universitaria Nª 30220, Resolución N° 272-2018-CCO-UNAJ - Reglamento de Organización y Funciones de la UNAJ','','','','','','','2024-04-01','2024-04-01 00:00:00',0),(5,'UNIVERSIDAD NACIONAL DE JULIACA - UNAJ',1,'ASAMBLEA UNIVERSITARIA','1','ASUN/05','Informes de rendición de cuentas del presupuesto','',0,0,0,'Ley Universitaria Nª 30220, Resolución N° 272-2018-CCO-UNAJ - Reglamento de Organización y Funciones de la UNAJ','','','','','','','2024-04-01','2024-04-01 00:00:00',0),(6,'UNIVERSIDAD NACIONAL DE JULIACA - UNAJ',1,'ASAMBLEA UNIVERSITARIA','1','ASUN/06','Constitución de facultades. Escuelas, unidades de postgrado, escuelas profesionales, departamentos académicos','',0,0,0,'Ley Universitaria Nª 30220, Resolución N° 272-2018-CCO-UNAJ - Reglamento de Organización y Funciones de la UNAJ','','','','','','','2024-04-01','2024-04-01 00:00:00',0),(7,'UNIVERSIDAD NACIONAL DE JULIACA - UNAJ',1,'ASAMBLEA UNIVERSITARIA','1','ASUN/07','Correspondencia','',0,0,0,'Ley Universitaria Nª 30220, Resolución N° 272-2018-CCO-UNAJ - Reglamento de Organización y Funciones de la UNAJ','Documentación interna o externa, que se emite o recibe, en cumplimiento de las funciones establecidas en las normas generales y las internas (ROF)','Memorandum, informes, cartas, oficios, etc.','Media','D.S. N° 054-2018-PCM.  ROF UNAJ','Pública','','2024-04-01','2024-04-01 00:00:00',0),(8,'UNIVERSIDAD NACIONAL DE JULIACA - UNAJ',2,'CONSEJO UNIVERSITARIO','2','CU/01','Reglamento general de la universidad','',0,0,0,'Ley Universitaria Nª 30220, Resolución N° 272-2018-CCO-UNAJ - Reglamento de Organización y Funciones de la UNAJ','','','','','','','2024-04-01','2024-04-01 00:00:00',0),(9,'UNIVERSIDAD NACIONAL DE JULIACA - UNAJ',2,'CONSEJO UNIVERSITARIO','2','CU/02','Reglamento de elecciones','',0,0,0,'Ley Universitaria Nª 30220, Resolución N° 272-2018-CCO-UNAJ - Reglamento de Organización y Funciones de la UNAJ','','','','','','','2024-04-01','2024-04-01 00:00:00',0),(10,'UNIVERSIDAD NACIONAL DE JULIACA - UNAJ',2,'CONSEJO UNIVERSITARIO','2','CU/03','Reglamentos internos especiales','',0,0,0,'Ley Universitaria Nª 30220, Resolución N° 272-2018-CCO-UNAJ - Reglamento de Organización y Funciones de la UNAJ','','','','','','','2024-04-01','2024-04-01 00:00:00',0),(11,'UNIVERSIDAD NACIONAL DE JULIACA - UNAJ',2,'CONSEJO UNIVERSITARIO','2','CU/04','Plan anual de adquisiciones','',0,0,0,'Ley Universitaria Nª 30220, Resolución N° 272-2018-CCO-UNAJ - Reglamento de Organización y Funciones de la UNAJ','','','','','','','2024-04-01','2024-04-01 00:00:00',0),(12,'UNIVERSIDAD NACIONAL DE JULIACA - UNAJ',2,'CONSEJO UNIVERSITARIO','2','CU/05','Unidades de organización','',0,0,0,'Ley Universitaria Nª 30220, Resolución N° 272-2018-CCO-UNAJ - Reglamento de Organización y Funciones de la UNAJ','','','4','','','','2024-04-01','2024-04-01 00:00:00',0),(13,'UNIVERSIDAD NACIONAL DE JULIACA - UNAJ',2,'CONSEJO UNIVERSITARIO','2','CU/06','Planes de estudios','',0,0,0,'Ley Universitaria Nª 30220, Resolución N° 272-2018-CCO-UNAJ - Reglamento de Organización y Funciones de la UNAJ','','','4','','','','2024-04-01','2024-04-01 00:00:00',0),(14,'UNIVERSIDAD NACIONAL DE JULIACA - UNAJ',2,'CONSEJO UNIVERSITARIO','2','CU/07','Planes de trabajo por las unidades académicas','',0,0,0,'Ley Universitaria Nª 30220, Resolución N° 272-2018-CCO-UNAJ - Reglamento de Organización y Funciones de la UNAJ','','','4','','','','2024-04-01','2024-04-01 00:00:00',0),(15,'UNIVERSIDAD NACIONAL DE JULIACA - UNAJ',2,'CONSEJO UNIVERSITARIO','2','CU/08','Documentos de Modalidades de ingreso','',0,0,0,'Ley Universitaria Nª 30220, Resolución N° 272-2018-CCO-UNAJ - Reglamento de Organización y Funciones de la UNAJ','','','4','','','','2024-04-01','2024-04-01 00:00:00',0),(16,'UNIVERSIDAD NACIONAL DE JULIACA - UNAJ',2,'CONSEJO UNIVERSITARIO','2','CU/09','Convenios','',0,0,0,'Ley Universitaria Nª 30220, Resolución N° 272-2018-CCO-UNAJ - Reglamento de Organización y Funciones de la UNAJ','','','4','','','','2024-04-01','2024-04-01 00:00:00',0),(17,'UNIVERSIDAD NACIONAL DE JULIACA - UNAJ',2,'CONSEJO UNIVERSITARIO','2','CU/10','Correspondencia','',0,0,0,'Ley Universitaria Nª 30220, Resolución N° 272-2018-CCO-UNAJ - Reglamento de Organización y Funciones de la UNAJ','Documentación interna o externa, que se emite o recibe, en cumplimiento de las funciones establecidas en las normas generales y las internas (ROF)','Memorandum, informes, cartas, oficios, etc.','Media','D.S. N° 054-2018-PCM.  ROF UNAJ','Pública','','2024-04-01','2024-04-01 00:00:00',0),(18,'UNIVERSIDAD NACIONAL DE JULIACA - UNAJ',3,'PRESIDENCIA DE COMISION ORGANIZADORA','3','PCO/01','Cuaderno de registro','P',10,20,30,'Ley Universitaria Nª 30220, Resolución N° 272-2018-CCO-UNAJ - Reglamento de Organización y Funciones de la UNAJ','q','q','4','q','q','q','2024-04-01','2024-04-01 00:00:00',0),(19,'UNIVERSIDAD NACIONAL DE JULIACA - UNAJ',3,'PRESIDENCIA DE COMISION ORGANIZADORA','3','PCO/02','Informe semestral de gestión','P',3,27,30,'Resolución N° 192-2021-CCO-UNAJ - Reglamento de Organización y Funciones de la UNAJ\r\nResolución Ministerial N° 244-2021-MINEDU                            ','Es un documento informativo a la alta jerarquía remitidas a la DIGESU, MINEDU.','Oficio, Informe, Carta, Resoluciones, planes, carta multiple','Baja','Resolución N° 192-2021-CCO-UNAJ - Reglamento de Organización y Funciones de la UNAJ\r\nResolución Ministerial N° 244-2021-MINEDU','Publica','Soporte: Papel( X ) Medios Electronicos ( X ) Otros (  )','2024-04-01','2024-04-24 16:55:38',1),(20,'UNIVERSIDAD NACIONAL DE JULIACA - UNAJ',3,'PRESIDENCIA DE COMISION ORGANIZADORA','3','PCO/03','Correspondencia','T',3,2,5,'Resolución N° 192-2021-CCO-UNAJ - Reglamento de Organización y Funciones de la UNAJ','Documentación interna o externa, que se emite o recibe, en cumplimiento de las funciones establecidas en las normas generales y las internas ROF','Memorandum, informes, cartas, oficios, etc.','Media','Resolución N° 192-2021-CCO-UNAJ - Reglamento de Organización y Funciones de la UNAJ','Publica','Soporte: Papel( X ) Medios Electronicos ( X ) Otros (  )','2024-04-01','2024-04-24 16:47:31',1),(21,'UNIVERSIDAD NACIONAL DE JULIACA - UNAJ',3,'PRESIDENCIA DE COMISION ORGANIZADORA','20','PCO-OCRI/4','Convenios','T',6,2,8,'Resolución N° 192-2021-CCO-UNAJ - Reglamento de Organización y Funciones de la UNAJ                            ','Es un documento celebrado entre 2 o mas partes, donde se estipulan obligaciones y/o compromisos, que buscan beneficio entre las partes, buscando el fin de cada institución.','Oficios, carta ','Alta','Directa de procedimiento para la suscripción de convenios de coorperacion con la Universidad Nacional de Juliaca','Publica','Soporte: Papel( X ) Medios Electronicos ( X ) Otros (  )','2024-04-01','2024-04-24 17:07:51',1),(22,'UNIVERSIDAD NACIONAL DE JULIACA - UNAJ',3,'PRESIDENCIA DE COMISION ORGANIZADORA','20','PCO-OCRI/5','Acceso a la información publica','T',3,2,5,'Resolución N° 192-2021-CCO-UNAJ - Reglamento de Organización y Funciones de la UNAJ','Esta brinda información pública de todo el ámbito administrativo y académico de la UNAJ','Informe, cartas, resolución jefatural, contrato, hoja de tramite, oficio, solicitud, Formulario único de tramite','Alta','Resolución N° 192-2021-CCO-UNAJ - Reglamento de Organización y Funciones de la UNAJ','Publica','Soporte: Papel( X ) Medios Electronicos ( X ) Otros (  )','2024-04-01','2024-04-24 17:12:08',1),(23,'UNIVERSIDAD NACIONAL DE JULIACA - UNAJ',3,'PRESIDENCIA DE COMISION ORGANIZADORA','20','PCO-OCRI/6','Libro de reclamaciones (virtual)','T',0,0,0,'Resolución N° 192-2021-CCO-UNAJ - Reglamento de Organización y Funciones de la UNAJ\r\n              ','','Se administra via virtual','Alta','','Publica','Soporte: Papel( X ) Medios Electronicos (  ) Otros (  )','2024-04-01','2024-04-24 17:17:27',0),(24,'UNIVERSIDAD NACIONAL DE JULIACA - UNAJ',3,'PRESIDENCIA DE COMISION ORGANIZADORA','20','PCO-OCRI/7','Secretaria de instrucción del procedimiento por actos de hostigamiento sexual','P',2,28,30,'','','','Nula','','Publica','Soporte: Papel( X ) Medios Electronicos (  ) Otros (  )','2024-04-01','2024-04-24 17:16:34',0),(25,'UNIVERSIDAD NACIONAL DE JULIACA - UNAJ',3,'PRESIDENCIA DE COMISION ORGANIZADORA','20','PCO-OCRI/8','Correspondencia','T',3,2,5,'Ley Universitaria Nª 30220, Resolución N° 272-2018-CCO-UNAJ - Reglamento de Organización y Funciones de la UNAJ','Documentación interna o externa, que se emite o recibe, en cumplimiento de las funciones establecidas en las normas generales y las internas (ROF)','Memorandum, informes, cartas, oficios, etc.','Media','D.S. N° 054-2018-PCM.  ROF UNAJ','Pública','','2024-04-01','2024-04-01 00:00:00',0),(26,'UNIVERSIDAD NACIONAL DE JULIACA - UNAJ',4,'VICERECTORADO ACADEMICO','4','VPAC/01','Reglamentos, directivas, Lineamientos','P',3,27,30,'Resolución N° 192-2021-CCO-UNAJ - Reglamento de Organización y Funciones de la UNAJ','','','Media','','Publica','Soporte: Papel( X ) Medios Electronicos (  ) Otros (  )','2024-04-01','2024-04-24 20:51:34',0),(27,'UNIVERSIDAD NACIONAL DE JULIACA - UNAJ',4,'VICERECTORADO ACADEMICO','4','VPAC/02','Calendario académico anual','T',1,1,2,'Ley Universitaria Nª 30220, Resolución N° 272-2018-CCO-UNAJ - Reglamento de Organización y Funciones de la UNAJ','','','4','','','','2024-04-01','2024-04-01 00:00:00',0),(28,'UNIVERSIDAD NACIONAL DE JULIACA - UNAJ',4,'VICERECTORADO ACADEMICO','4','VPAC/03','Modelo educativo','P',5,25,30,'Ley Universitaria Nª 30220, Resolución N° 272-2018-CCO-UNAJ - Reglamento de Organización y Funciones de la UNAJ','','','4','','','','2024-04-01','2024-04-01 00:00:00',0),(29,'UNIVERSIDAD NACIONAL DE JULIACA - UNAJ',4,'VICERECTORADO ACADEMICO','4','VPAC/04','Movilidad académica','P',3,27,30,'Ley Universitaria Nª 30220, Resolución N° 272-2018-CCO-UNAJ - Reglamento de Organización y Funciones de la UNAJ','','','4','','','','2024-04-01','2024-04-01 00:00:00',0),(30,'UNIVERSIDAD NACIONAL DE JULIACA - UNAJ',4,'VICERECTORADO ACADEMICO','4','VPAC/05','Bolsa académica','',0,0,0,'Ley Universitaria Nª 30220, Resolución N° 272-2018-CCO-UNAJ - Reglamento de Organización y Funciones de la UNAJ','','','4','','','','2024-04-01','2024-04-01 00:00:00',0),(31,'UNIVERSIDAD NACIONAL DE JULIACA - UNAJ',4,'VICERECTORADO ACADEMICO','4','VPAC/06','Pasantías','P',3,27,30,'Ley Universitaria Nª 30220, Resolución N° 272-2018-CCO-UNAJ - Reglamento de Organización y Funciones de la UNAJ','','','4','','','','2024-04-01','2024-04-01 00:00:00',0),(32,'UNIVERSIDAD NACIONAL DE JULIACA - UNAJ',4,'VICERECTORADO ACADEMICO','4','VPAC/07','Correspondencia','T',2,3,5,'Ley Universitaria Nª 30220, Resolución N° 272-2018-CCO-UNAJ - Reglamento de Organización y Funciones de la UNAJ','Documentación interna o externa, que se emite o recibe, en cumplimiento de las funciones establecidas en las normas generales y las internas (ROF)','Memorandum, informes, cartas, oficios, etc.','Media','D.S. N° 054-2018-PCM.  ROF UNAJ','Pública','','2024-04-01','2024-04-01 00:00:00',0),(33,'UNIVERSIDAD NACIONAL DE JULIACA - UNAJ',4,'VICERECTORADO ACADEMICO','5','VPAC-PRONABEC/08','Relación de postulantes','T',5,1,6,'Ley Universitaria Nª 30220, Resolución N° 272-2018-CCO-UNAJ - Reglamento de Organización y Funciones de la UNAJ','','','4','','','','2024-04-01','2024-04-01 00:00:00',0),(34,'UNIVERSIDAD NACIONAL DE JULIACA - UNAJ',4,'VICERECTORADO ACADEMICO','5','VPAC-PRONABEC/09','Control biométrico de becarios','P',5,25,30,'Ley Universitaria Nª 30220, Resolución N° 272-2018-CCO-UNAJ - Reglamento de Organización y Funciones de la UNAJ','','','4','','','','2024-04-01','2024-04-01 00:00:00',0),(35,'UNIVERSIDAD NACIONAL DE JULIACA - UNAJ',4,'VICERECTORADO ACADEMICO','5','VPAC-PRONABEC/10','Correspondencia','T',2,3,5,'Ley Universitaria Nª 30220, Resolución N° 272-2018-CCO-UNAJ - Reglamento de Organización y Funciones de la UNAJ','Documentación interna o externa, que se emite o recibe, en cumplimiento de las funciones establecidas en las normas generales y las internas (ROF)','Memorandum, informes, cartas, oficios, etc.','Media','D.S. N° 054-2018-PCM.  ROF UNAJ','Pública','','2024-04-01','2024-04-01 00:00:00',0),(36,'UNIVERSIDAD NACIONAL DE JULIACA - UNAJ',4,'VICERECTORADO ACADEMICO','6','VPAC-CDI/11','Actas académicas','P',5,25,30,'Ley Universitaria Nª 30220, Resolución N° 272-2018-CCO-UNAJ - Reglamento de Organización y Funciones de la UNAJ              ','definicion','tipos ','Media','marco','Publica','Soporte: Papel( X ) Medios Electronicos (  ) Otros (  )','2024-04-01','2024-04-22 00:38:51',0),(37,'UNIVERSIDAD NACIONAL DE JULIACA - UNAJ',4,'VICERECTORADO ACADEMICO','6','VPAC-CDI/12','Certificados de Estudios','T',3,2,5,'Ley Universitaria Nª 30220, Resolución N° 272-2018-CCO-UNAJ - Reglamento de Organización y Funciones de la UNAJ','','','4','','','','2024-04-01','2024-04-01 00:00:00',0),(38,'UNIVERSIDAD NACIONAL DE JULIACA - UNAJ',4,'VICERECTORADO ACADEMICO','6','VPAC-CDI/13','Constancias de Estudios','T',3,2,5,'Ley Universitaria Nª 30220, Resolución N° 272-2018-CCO-UNAJ - Reglamento de Organización y Funciones de la UNAJ','','','4','','','','2024-04-01','2024-04-01 00:00:00',0),(39,'UNIVERSIDAD NACIONAL DE JULIACA - UNAJ',4,'VICERECTORADO ACADEMICO','6','VPAC-CDI/14','Informe de docentes','P',5,25,30,'Ley Universitaria Nª 30220, Resolución N° 272-2018-CCO-UNAJ - Reglamento de Organización y Funciones de la UNAJ','','','4','','','','2024-04-01','2024-04-01 00:00:00',0),(40,'UNIVERSIDAD NACIONAL DE JULIACA - UNAJ',4,'VICERECTORADO ACADEMICO','6','VPAC-CDI/15','Cuaderno de registro de entrega de documentos','T',3,2,5,'Ley Universitaria Nª 30220, Resolución N° 272-2018-CCO-UNAJ - Reglamento de Organización y Funciones de la UNAJ','','','4','','','','2024-04-01','2024-04-01 00:00:00',0),(41,'UNIVERSIDAD NACIONAL DE JULIACA - UNAJ',4,'VICERECTORADO ACADEMICO','6','VPAC-CDI/16','Fichas de matriculas','T',2,3,5,'Ley Universitaria Nª 30220, Resolución N° 272-2018-CCO-UNAJ - Reglamento de Organización y Funciones de la UNAJ','','','4','','','','2024-04-01','2024-04-01 00:00:00',0),(42,'UNIVERSIDAD NACIONAL DE JULIACA - UNAJ',4,'VICERECTORADO ACADEMICO','6','VPAC-CDI/17','Correspondencia','T',2,3,5,'Ley Universitaria Nª 30220, Resolución N° 272-2018-CCO-UNAJ - Reglamento de Organización y Funciones de la UNAJ','Documentación interna o externa, que se emite o recibe, en cumplimiento de las funciones establecidas en las normas generales y las internas (ROF)','Memorandum, informes, cartas, oficios, etc.','Media','D.S. N° 054-2018-PCM.  ROF UNAJ','Pública','','2024-04-01','2024-04-01 00:00:00',0),(43,'UNIVERSIDAD NACIONAL DE JULIACA - UNAJ',4,'VICERECTORADO ACADEMICO','7','VPAC-CI/20','Plan de trabajo','P',4,26,30,'Ley Universitaria Nª 30220, Resolución N° 272-2018-CCO-UNAJ - Reglamento de Organización y Funciones de la UNAJ','','','4','','','','2024-04-01','2024-04-01 00:00:00',0),(44,'UNIVERSIDAD NACIONAL DE JULIACA - UNAJ',4,'VICERECTORADO ACADEMICO','7','VPAC-CI/21','Recibos de pago','T',2,3,5,'Ley Universitaria Nª 30220, Resolución N° 272-2018-CCO-UNAJ - Reglamento de Organización y Funciones de la UNAJ','','','4','','','','2024-04-01','2024-04-01 00:00:00',0),(45,'UNIVERSIDAD NACIONAL DE JULIACA - UNAJ',4,'VICERECTORADO ACADEMICO','7','VPAC-CI/22','Actas de Notas','P',5,25,30,'Ley Universitaria Nª 30220, Resolución N° 272-2018-CCO-UNAJ - Reglamento de Organización y Funciones de la UNAJ','','','4','','','','2024-04-01','2024-04-01 00:00:00',0),(46,'UNIVERSIDAD NACIONAL DE JULIACA - UNAJ',4,'VICERECTORADO ACADEMICO','7','VPAC-CI/23','Contenido programáticos','T',1,1,2,'Ley Universitaria Nª 30220, Resolución N° 272-2018-CCO-UNAJ - Reglamento de Organización y Funciones de la UNAJ','','','4','','','','2024-04-01','2024-04-01 00:00:00',0),(47,'UNIVERSIDAD NACIONAL DE JULIACA - UNAJ',4,'VICERECTORADO ACADEMICO','7','VPAC-CI/24','Portal de atención al cliente PGA','T',2,3,5,'Ley Universitaria Nª 30220, Resolución N° 272-2018-CCO-UNAJ - Reglamento de Organización y Funciones de la UNAJ','','','4','','','','2024-04-01','2024-04-01 00:00:00',0),(48,'UNIVERSIDAD NACIONAL DE JULIACA - UNAJ',4,'VICERECTORADO ACADEMICO','7','VPAC-CI/25','Correspondencia','T',2,3,5,'Ley Universitaria Nª 30220, Resolución N° 272-2018-CCO-UNAJ - Reglamento de Organización y Funciones de la UNAJ','Documentación interna o externa, que se emite o recibe, en cumplimiento de las funciones establecidas en las normas generales y las internas (ROF)','Memorandum, informes, cartas, oficios, etc.','Media','D.S. N° 054-2018-PCM.  ROF UNAJ','Pública','','2024-04-01','2024-04-01 00:00:00',0),(49,'UNIVERSIDAD NACIONAL DE JULIACA - UNAJ',4,'VICERECTORADO ACADEMICO','0','VPAC-FC','FALTA','',0,0,0,'Ley Universitaria Nª 30220, Resolución N° 272-2018-CCO-UNAJ - Reglamento de Organización y Funciones de la UNAJ','','','4','','','','2024-04-01','2024-04-01 00:00:00',0),(50,'UNIVERSIDAD NACIONAL DE JULIACA - UNAJ',5,'VICERECTORADO DE INVESTIGACION','10','VPIN/01','Reglamento de la Política general de investigación','P',2,28,30,'Ley Universitaria Nª 30220, Resolución N° 272-2018-CCO-UNAJ - Reglamento de Organización y Funciones de la UNAJ','','','4','','','','2024-04-01','2024-04-01 00:00:00',0),(51,'UNIVERSIDAD NACIONAL DE JULIACA - UNAJ',5,'VICERECTORADO DE INVESTIGACION','10','VPIN/02','Difusión del conocimiento','P',1,29,30,'Ley Universitaria Nª 30220, Resolución N° 272-2018-CCO-UNAJ - Reglamento de Organización y Funciones de la UNAJ','','','4','','','','2024-04-01','2024-04-01 00:00:00',0),(52,'UNIVERSIDAD NACIONAL DE JULIACA - UNAJ',5,'VICERECTORADO DE INVESTIGACION','10','VPIN/03','Movilidad y pasantía de docentes e investigadores','P',3,27,30,'Ley Universitaria Nª 30220, Resolución N° 272-2018-CCO-UNAJ - Reglamento de Organización y Funciones de la UNAJ','','','4','','','','2024-04-01','2024-04-01 00:00:00',0),(53,'UNIVERSIDAD NACIONAL DE JULIACA - UNAJ',5,'VICERECTORADO DE INVESTIGACION','10','VPIN/04','Correspondencia','T',3,2,5,'Ley Universitaria Nª 30220, Resolución N° 272-2018-CCO-UNAJ - Reglamento de Organización y Funciones de la UNAJ','Documentación interna o externa, que se emite o recibe, en cumplimiento de las funciones establecidas en las normas generales y las internas (ROF)','Memorandum, informes, cartas, oficios, etc.','Media','D.S. N° 054-2018-PCM.  ROF UNAJ','Pública','','2024-04-01','2024-04-01 00:00:00',0),(54,'UNIVERSIDAD NACIONAL DE JULIACA - UNAJ',6,'DEFENSORIA UNIVERSITARIA','11','DEUN/01','Denuncias','P',10,20,30,'Resolución N° 192-2021-CCO-UNAJ - Reglamento de Organización y Funciones de la UNAJ              ','Son casos de estudiantes o trabajadores o administrativos o docentes que siente que se han vulnerado sus derechos. También se apoya en el proceso de seguimiento y acompañamiento a los estudiantes','Solicitud, fotografías, videos, receta medica, DNI, resolución, formato de denuncia','Alta','1. Directiva para la prevención y sansión en caso de hostigamiento sexual en la UNAJ\r\n2. Reglamento de la defensoria universitaria\r\n3. Ley Universitaria N° 30220','Publica','Soporte: Papel( X ) Medios Electronicos ( X ) Otros (  )','2024-04-01','2024-04-24 19:13:02',1),(55,'UNIVERSIDAD NACIONAL DE JULIACA - UNAJ',6,'DEFENSORIA UNIVERSITARIA','11','DEUN/03','Conciliaciones','P',10,20,30,'Resolución N° 192-2021-CCO-UNAJ - Reglamento de Organización y Funciones de la UNAJ','Es el acto en que se llega a un acuerdo entre ambas partes','Solicitud, acta','Baja','','Publica','Soporte: Papel( X ) Medios Electronicos ( X ) Otros (  )','2024-04-01','2024-04-24 19:15:34',1),(56,'UNIVERSIDAD NACIONAL DE JULIACA - UNAJ',6,'DEFENSORIA UNIVERSITARIA','11','DEUN/04','Normas y políticas de defensa de los derechos de las personas','P',10,20,30,'Ley Universitaria Nª 30220, Resolución N° 272-2018-CCO-UNAJ - Reglamento de Organización y Funciones de la UNAJ','','','4','','','','2024-04-01','2024-04-01 00:00:00',0),(57,'UNIVERSIDAD NACIONAL DE JULIACA - UNAJ',6,'DEFENSORIA UNIVERSITARIA','11','DEUN/05','Recomendaciones sobre violaciones de derechos','P',10,20,30,'Resolución N° 192-2021-CCO-UNAJ - Reglamento de Organización y Funciones de la UNAJ              ','En el ejercicio de las funciones, sustanciara sus actuaciones mediante recomendaciones y sugerencias que dirigirá a los órganos o servicios que estime oportunos con conocimiento a consejo.','Cartas, informe defonsorial, actuados','Alta','Reglamento de defesoria universitaria\r\nLey universitaria Ley 30220\r\nDirectiva para la prevención y sanción en casos de hostigamiento sexual en la UNAJ\r\nReglamento de matricula, sistema curricular flexible por competencias','Publica','Soporte: Papel( X ) Medios Electronicos (  ) Otros (  )','2024-04-01','2024-04-24 19:22:35',0),(58,'UNIVERSIDAD NACIONAL DE JULIACA - UNAJ',6,'DEFENSORIA UNIVERSITARIA','11','DEUN/06','Informe anual de actividades','T',3,2,5,'Resolución N° 192-2021-CCO-UNAJ - Reglamento de Organización y Funciones de la UNAJ','Es la información remitidos a SUNEDU sobre los casos, consultas, denuncias, reclamos que ingresan a defensoria universitaria.  Se envía el estado en el que se encuentra, estos son: vigente, o concluido','Carta, oficio','Baja','A solicitud de la SUNEDU','Publica','Soporte: Papel( X ) Medios Electronicos ( X ) Otros (  )','2024-04-01','2024-04-24 19:26:37',1),(59,'UNIVERSIDAD NACIONAL DE JULIACA - UNAJ',6,'DEFENSORIA UNIVERSITARIA','11','DEUN/07','Correspondencia','T',3,2,5,'Resolución N° 192-2021-CCO-UNAJ - Reglamento de Organización y Funciones de la UNAJ','Documentación interna o externa, que se emite o recibe, en cumplimiento de las funciones establecidas en las normas generales y las internas del ROF','Memorandum, informes, cartas, oficios, etc.','Media','Resolución N° 192-2021-CCO-UNAJ - Reglamento de Organización y Funciones de la UNAJ','Publica','Soporte: Papel( X ) Medios Electronicos ( X ) Otros (  )','2024-04-01','2024-04-24 19:27:27',1),(60,'UNIVERSIDAD NACIONAL DE JULIACA - UNAJ',7,'TRIBUNAL DE HONOR UNIVERSITARIO','12','TRHU/01','Juicios emitidos','',0,0,0,'Ley Universitaria Nª 30220, Resolución N° 272-2018-CCO-UNAJ - Reglamento de Organización y Funciones de la UNAJ','','','4','','','','2024-04-01','2024-04-01 00:00:00',0),(61,'UNIVERSIDAD NACIONAL DE JULIACA - UNAJ',7,'TRIBUNAL DE HONOR UNIVERSITARIO','12','TRHU/02','Calificación de investigación administrativa disciplinaria Docentes','',0,0,0,'Ley Universitaria Nª 30220, Resolución N° 272-2018-CCO-UNAJ - Reglamento de Organización y Funciones de la UNAJ','','','4','','','','2024-04-01','2024-04-01 00:00:00',0),(62,'UNIVERSIDAD NACIONAL DE JULIACA - UNAJ',7,'TRIBUNAL DE HONOR UNIVERSITARIO','12','TRHU/03','Calificación de investigación administrativa disciplinaria Estudiantes','',0,0,0,'Ley Universitaria Nª 30220, Resolución N° 272-2018-CCO-UNAJ - Reglamento de Organización y Funciones de la UNAJ','','','4','','','','2024-04-01','2024-04-01 00:00:00',0),(63,'UNIVERSIDAD NACIONAL DE JULIACA - UNAJ',7,'TRIBUNAL DE HONOR UNIVERSITARIO','12','TRHU/04','Sanciones','',0,0,0,'Ley Universitaria Nª 30220, Resolución N° 272-2018-CCO-UNAJ - Reglamento de Organización y Funciones de la UNAJ','','','4','','','','2024-04-01','2024-04-01 00:00:00',0),(64,'UNIVERSIDAD NACIONAL DE JULIACA - UNAJ',7,'TRIBUNAL DE HONOR UNIVERSITARIO','12','TRHU/05','Correspondencia','',0,0,0,'Ley Universitaria Nª 30220, Resolución N° 272-2018-CCO-UNAJ - Reglamento de Organización y Funciones de la UNAJ','Documentación interna o externa, que se emite o recibe, en cumplimiento de las funciones establecidas en las normas generales y las internas (ROF)','Memorandum, informes, cartas, oficios, etc.','Media','D.S. N° 054-2018-PCM.  ROF UNAJ','Pública','','2024-04-01','2024-04-01 00:00:00',0),(65,'UNIVERSIDAD NACIONAL DE JULIACA - UNAJ',8,'COMISION PERMANENTE DE FISCALIZACION','13','CPF/01','Verificación de instancia interna','',0,0,0,'Ley Universitaria Nª 30220, Resolución N° 272-2018-CCO-UNAJ - Reglamento de Organización y Funciones de la UNAJ','','','4','','','','2024-04-01','2024-04-01 00:00:00',0),(66,'UNIVERSIDAD NACIONAL DE JULIACA - UNAJ',8,'COMISION PERMANENTE DE FISCALIZACION','13','CPF/02','Resultados de la fiscalización','',0,0,0,'Ley Universitaria Nª 30220, Resolución N° 272-2018-CCO-UNAJ - Reglamento de Organización y Funciones de la UNAJ','','','4','','','','2024-04-01','2024-04-01 00:00:00',0),(67,'UNIVERSIDAD NACIONAL DE JULIACA - UNAJ',8,'COMISION PERMANENTE DE FISCALIZACION','13','CPF/03','Denuncias','',0,0,0,'Ley Universitaria Nª 30220, Resolución N° 272-2018-CCO-UNAJ - Reglamento de Organización y Funciones de la UNAJ','','','4','','','','2024-04-01','2024-04-01 00:00:00',0),(68,'UNIVERSIDAD NACIONAL DE JULIACA - UNAJ',8,'COMISION PERMANENTE DE FISCALIZACION','13','CPF/04','Pedidos de los miembros de la Comunidad Universitaria','',0,0,0,'Ley Universitaria Nª 30220, Resolución N° 272-2018-CCO-UNAJ - Reglamento de Organización y Funciones de la UNAJ','','','4','','','','2024-04-01','2024-04-01 00:00:00',0),(69,'UNIVERSIDAD NACIONAL DE JULIACA - UNAJ',8,'COMISION PERMANENTE DE FISCALIZACION','13','CPF/05','Correspondencia','',0,0,0,'Ley Universitaria Nª 30220, Resolución N° 272-2018-CCO-UNAJ - Reglamento de Organización y Funciones de la UNAJ','Documentación interna o externa, que se emite o recibe, en cumplimiento de las funciones establecidas en las normas generales y las internas (ROF)','Memorandum, informes, cartas, oficios, etc.','Media','D.S. N° 054-2018-PCM.  ROF UNAJ','Pública','','2024-04-01','2024-04-01 00:00:00',0),(70,'UNIVERSIDAD NACIONAL DE JULIACA - UNAJ',9,'ORGANO DE CONTROL INSTITUCIONAL','14','OCI/01','Informes de control posterior','P',5,25,30,'Ley Universitaria Nª 30220, Resolución N° 272-2018-CCO-UNAJ - Reglamento de Organización y Funciones de la UNAJ','','','4','','','','2024-04-01','2024-04-01 00:00:00',0),(71,'UNIVERSIDAD NACIONAL DE JULIACA - UNAJ',9,'ORGANO DE CONTROL INSTITUCIONAL','14','OCI/02','Informes de control simultaneo','T',2,3,5,'Ley Universitaria Nª 30220, Resolución N° 272-2018-CCO-UNAJ - Reglamento de Organización y Funciones de la UNAJ','','','4','','','','2024-04-01','2024-04-01 00:00:00',0),(72,'UNIVERSIDAD NACIONAL DE JULIACA - UNAJ',9,'ORGANO DE CONTROL INSTITUCIONAL','14','OCI/03','Servicios Relacionados','?',0,0,0,'Ley Universitaria Nª 30220, Resolución N° 272-2018-CCO-UNAJ - Reglamento de Organización y Funciones de la UNAJ','','','4','','','','2024-04-01','2024-04-01 00:00:00',0),(73,'UNIVERSIDAD NACIONAL DE JULIACA - UNAJ',9,'ORGANO DE CONTROL INSTITUCIONAL','14','OCI/09','Correspondencia','T',2,3,5,'Ley Universitaria Nª 30220, Resolución N° 272-2018-CCO-UNAJ - Reglamento de Organización y Funciones de la UNAJ','Documentación interna o externa, que se emite o recibe, en cumplimiento de las funciones establecidas en las normas generales y las internas (ROF)','Memorandum, informes, cartas, oficios, etc.','Media','D.S. N° 054-2018-PCM.  ROF UNAJ','Pública','','2024-04-01','2024-04-01 00:00:00',0),(74,'UNIVERSIDAD NACIONAL DE JULIACA - UNAJ',10,'ASESORIA JURIDICA','15','OAJ/01','Informes jurídicos','P',2,28,30,'Resolución N° 192-2021-CCO-UNAJ - Reglamento de Organización y Funciones de la UNAJ','Art 183. Es reservada exclusivamente para asuntos que el fundamento juridio de la pretencion sea razonablemente discutible, o los hechos sean controvertidos juridicamente, y que por tal situación no pueda ser dilucidad por el propio instructor.','','Alta','Texto unico ordenado de la Ley del procedimiento administrativo general 27444, aprobado por Decreto supremo  004-2019-JUS','Publica','Soporte: Papel( X ) Medios Electronicos ( X ) Otros (  )','2024-04-01','2024-04-24 19:59:55',1),(75,'UNIVERSIDAD NACIONAL DE JULIACA - UNAJ',10,'ASESORIA JURIDICA','15','OAJ/02','Informes Administrativos','P',2,28,30,'Resolución N° 192-2021-CCO-UNAJ - Reglamento de Organización y Funciones de la UNAJ              ','Es requerido por mandato expreso de la ley, como por ejemplo por el OCI en casos que conoce el tribunal de contrataciones mediante apelación en procesos de selección, o en su caso de otras entidades como el SUNEDU','Informes, informes técnicos, carta','Alta','Texto unico ordenado de la Ley del procedimiento administrativo general 27444, aprobado por Decreto supremo  004-2019-JUS\r\nDocumentos de gestión administrativa de la UNAJ\r\nROF\r\nMOF','Publica','Soporte: Papel( X ) Medios Electronicos (  ) Otros (  )','2024-04-01','2024-04-24 20:07:04',1),(76,'UNIVERSIDAD NACIONAL DE JULIACA - UNAJ',10,'ASESORIA JURIDICA','15','OAJ/03','Demanda arbitral','P',2,28,30,'Resolución N° 192-2021-CCO-UNAJ - Reglamento de Organización y Funciones de la UNAJ','Es un tipo de controversia sobre materia de libre disposición conforme a derecho así como aquellas que la ley o los tratados o acuerdos internacionales autoricen.  Generalmente se aplican en la entidad cuando surgen conflictos derivados de las contrataciones del estado.','Demanda arbitral, pruebas;  contestación por el demandado, pruebas del demandado;  fijación de puntos controvertidos finaliza con el acto arbitral. notificaciones a las partes del proceso arbitral, ','Baja','Decreto Legislativo 1071 Ley de arbitraje','Publica','Soporte: Papel( X ) Medios Electronicos ( X ) Otros (  )','2024-04-01','2024-04-24 20:13:22',1),(77,'UNIVERSIDAD NACIONAL DE JULIACA - UNAJ',10,'ASESORIA JURIDICA','15','OAJ/04','Cartas notariales','P',2,28,30,'Resolución N° 192-2021-CCO-UNAJ - Reglamento de Organización y Funciones de la UNAJ','','Carta notarial','Media','Ley de contrataciones del estado\r\nLey notariado\r\n','Publica','Soporte: Papel( X ) Medios Electronicos ( X ) Otros (  )','2024-04-01','2024-04-24 20:18:59',1),(78,'UNIVERSIDAD NACIONAL DE JULIACA - UNAJ',10,'ASESORIA JURIDICA','15','OAJ/05','Expedientes falsos de procesos judiciales','P',2,28,30,'Resolución N° 192-2021-CCO-UNAJ - Reglamento de Organización y Funciones de la UNAJ              ','Son todos lo actuados judicales y fiscales que se adjuntan a las notificaciones en los procesos judiciales y en las carpetas fiscales, respectivamente; derivados de su tramitación propia (demandas, contestación de demandas, actas de audiencias, sentencias, autos, decretos, disposiciones fisacales, proveídos, etc)','Notificación, expediente, oficios','Alta','Ley de procuradurias publica y su reglamento\r\n','Publica','Soporte: Papel( X ) Medios Electronicos ( X ) Otros (  )','2024-04-01','2024-04-24 20:25:32',0),(79,'UNIVERSIDAD NACIONAL DE JULIACA - UNAJ',10,'ASESORIA JURIDICA','15','OAJ/06','Procesos Arbitrales','P',2,28,30,'Ley Universitaria Nª 30220, Resolución N° 272-2018-CCO-UNAJ - Reglamento de Organización y Funciones de la UNAJ              ','','demanda arbitral, notificaciones, expediente, cedulas de notificacion, propuestos de puntos controvertidos, laudo arbitral, aledajos \r\nlaudo arbitral','Alta','','Publica','Soporte: Papel( X ) Medios Electronicos (  ) Otros (  )','2024-04-01','2024-04-24 20:29:25',0),(80,'UNIVERSIDAD NACIONAL DE JULIACA - UNAJ',10,'ASESORIA JURIDICA','15','OAJ/07','Copias de Carpeta fiscal','P',2,28,30,'Ley Universitaria Nª 30220, Resolución N° 272-2018-CCO-UNAJ - Reglamento de Organización y Funciones de la UNAJ              ','Se tiene todas lactuaciones fiscales, entre lllas las denuncias fiscales de parte verval o escrita, las dispoisciones fisales o ; los elemntos de conviccion (medios probatorios) que aportan las prates a la partpeta fiscal.  actas de declaracion de testimonios. peritajes, actas de debate pericial.   Disposicion de requimiento de seguimiento, de acusación requirimentos mixtos','actas, notificaciones, expedientes, carpeta auxiliar','Alta','Codigo procesoal penal\r\ncodigo penal\r\nley organica del ministerio publico\r\ndirectavas fiscales\r\n','Publica','Soporte: Papel( X ) Medios Electronicos ( X ) Otros (  )','2024-04-01','2024-04-24 20:35:33',0),(81,'UNIVERSIDAD NACIONAL DE JULIACA - UNAJ',10,'ASESORIA JURIDICA','15','OAJ/08','Procesos Policiales','P',2,28,30,'Ley Universitaria Nª 30220, Resolución N° 272-2018-CCO-UNAJ - Reglamento de Organización y Funciones de la UNAJ','','','4','','','','2024-04-01','2024-04-01 00:00:00',0),(82,'UNIVERSIDAD NACIONAL DE JULIACA - UNAJ',10,'ASESORIA JURIDICA','15','OAJ/09','Conciliación','P',2,28,30,'Resolución N° 192-2021-CCO-UNAJ - Reglamento de Organización y Funciones de la UNAJ','Se realiza en base a la ley de conciliación y sus reglamento, las mismas que se realizan en lso centros de conciliacion debidamente autorizados por el miniesterio de justica a efectos de recurrir ante el poder judicial o ante los centros de arbitraje, para ello debe cumplirse requisitos y exigencias previstas en la ley, deriviados de los conflictos por las contrataciones del estado.','Solicitud, acta, notficaciones','Baja','Ley 26872 Ley de concilaicion y su reglamento  014-2018-JUS\r\nLEY DE CONTRTATACIONES DEL ESTADO 30225\r\n','Publica','Soporte: Papel( X ) Medios Electronicos (  ) Otros (  )','2024-04-01','2024-04-24 20:40:18',1),(83,'UNIVERSIDAD NACIONAL DE JULIACA - UNAJ',10,'ASESORIA JURIDICA','15','OAJ/10','Decretos administrativos','P',2,28,30,'Ley Universitaria Nª 30220, Resolución N° 272-2018-CCO-UNAJ - Reglamento de Organización y Funciones de la UNAJ','','','4','','','','2024-04-01','2024-04-01 00:00:00',0),(84,'UNIVERSIDAD NACIONAL DE JULIACA - UNAJ',10,'ASESORIA JURIDICA','15','OAJ/11','Denuncias','P',2,28,30,'Ley Universitaria Nª 30220, Resolución N° 272-2018-CCO-UNAJ - Reglamento de Organización y Funciones de la UNAJ','','','4','','','','2024-04-01','2024-04-01 00:00:00',0),(85,'UNIVERSIDAD NACIONAL DE JULIACA - UNAJ',10,'ASESORIA JURIDICA','15','OAJ/12','Demandas (Laboral, Civil, Contencioso Administrativo)','P',2,28,30,'Ley Universitaria Nª 30220, Resolución N° 272-2018-CCO-UNAJ - Reglamento de Organización y Funciones de la UNAJ','','','4','','','','2024-04-01','2024-04-01 00:00:00',0),(86,'UNIVERSIDAD NACIONAL DE JULIACA - UNAJ',10,'ASESORIA JURIDICA','15','OAJ/13','Libros de actas','P',2,28,30,'Ley Universitaria Nª 30220, Resolución N° 272-2018-CCO-UNAJ - Reglamento de Organización y Funciones de la UNAJ','','','4','','','','2024-04-01','2024-04-01 00:00:00',0),(87,'UNIVERSIDAD NACIONAL DE JULIACA - UNAJ',10,'ASESORIA JURIDICA','15','OAJ/14','SUNEDU','P',2,28,30,'Ley Universitaria Nª 30220, Resolución N° 272-2018-CCO-UNAJ - Reglamento de Organización y Funciones de la UNAJ','','','4','','','','2024-04-01','2024-04-01 00:00:00',0),(88,'UNIVERSIDAD NACIONAL DE JULIACA - UNAJ',10,'ASESORIA JURIDICA','15','OAJ/15','Correspondencia','T',2,8,10,'Ley Universitaria Nª 30220, Resolución N° 272-2018-CCO-UNAJ - Reglamento de Organización y Funciones de la UNAJ','Documentación interna o externa, que se emite o recibe, en cumplimiento de las funciones establecidas en las normas generales y las internas (ROF)','Memorandum, informes, cartas, oficios, etc.','Media','D.S. N° 054-2018-PCM.  ROF UNAJ','Pública','','2024-04-01','2024-04-01 00:00:00',0),(89,'UNIVERSIDAD NACIONAL DE JULIACA - UNAJ',11,'OFICINA DE PLANEAMIENTO Y PRESUPUESTO','16','OPP/01','Correspondencia','T',3,2,5,'Ley Universitaria Nª 30220, Resolución N° 272-2018-CCO-UNAJ - Reglamento de Organización y Funciones de la UNAJ','Documentación interna o externa, que se emite o recibe, en cumplimiento de las funciones establecidas en las normas generales y las internas (ROF)','Memorandum, informes, cartas, oficios, etc.','Media','D.S. N° 054-2018-PCM.  ROF UNAJ','Pública','','2024-04-01','2024-04-01 00:00:00',0),(90,'UNIVERSIDAD NACIONAL DE JULIACA - UNAJ',11,'OFICINA DE PLANEAMIENTO Y PRESUPUESTO','17','OPP-UPM/02','Plan Estratégico Institucional (PEI)','P',4,26,30,'Ley Universitaria Nª 30220, Resolución N° 272-2018-CCO-UNAJ - Reglamento de Organización y Funciones de la UNAJ','','','4','','','','2024-04-01','2024-04-01 00:00:00',0),(91,'UNIVERSIDAD NACIONAL DE JULIACA - UNAJ',11,'OFICINA DE PLANEAMIENTO Y PRESUPUESTO','17','OPP-UPM/03','Plan Operativo Institucional (POI)','p',2,28,30,'Ley Universitaria Nª 30220, Resolución N° 272-2018-CCO-UNAJ - Reglamento de Organización y Funciones de la UNAJ','','','4','','','','2024-04-01','2024-04-01 00:00:00',0),(92,'UNIVERSIDAD NACIONAL DE JULIACA - UNAJ',11,'OFICINA DE PLANEAMIENTO Y PRESUPUESTO','17','OPP-UPM/04','Reglamento de Organización y Funciones (ROF)','P',5,25,30,'Ley Universitaria Nª 30220, Resolución N° 272-2018-CCO-UNAJ - Reglamento de Organización y Funciones de la UNAJ','','','4','','','','2024-04-01','2024-04-01 00:00:00',0),(93,'UNIVERSIDAD NACIONAL DE JULIACA - UNAJ',11,'OFICINA DE PLANEAMIENTO Y PRESUPUESTO','17','OPP-UPM/05','Estatuto universitario','P',5,25,30,'Ley Universitaria Nª 30220, Resolución N° 272-2018-CCO-UNAJ - Reglamento de Organización y Funciones de la UNAJ','','','4','','','','2024-04-01','2024-04-01 00:00:00',0),(94,'UNIVERSIDAD NACIONAL DE JULIACA - UNAJ',11,'OFICINA DE PLANEAMIENTO Y PRESUPUESTO','17','OPP-UPM/06','Texto Único de Procedimientos Administrativos (TUPA)','P',5,25,30,'Ley Universitaria Nª 30220, Resolución N° 272-2018-CCO-UNAJ - Reglamento de Organización y Funciones de la UNAJ','','','4','','','','2024-04-01','2024-04-01 00:00:00',0),(95,'UNIVERSIDAD NACIONAL DE JULIACA - UNAJ',11,'OFICINA DE PLANEAMIENTO Y PRESUPUESTO','17','OPP-UPM/07','Texto Único de Servicios No Exclusivos (TUSNE)','P',5,25,30,'Ley Universitaria Nª 30220, Resolución N° 272-2018-CCO-UNAJ - Reglamento de Organización y Funciones de la UNAJ','','','4','','','','2024-04-01','2024-04-01 00:00:00',0),(96,'UNIVERSIDAD NACIONAL DE JULIACA - UNAJ',11,'OFICINA DE PLANEAMIENTO Y PRESUPUESTO','17','OPP-UPM/08','Gestión de procesos','P',5,25,30,'Ley Universitaria Nª 30220, Resolución N° 272-2018-CCO-UNAJ - Reglamento de Organización y Funciones de la UNAJ','','','4','','','','2024-04-01','2024-04-01 00:00:00',0),(97,'UNIVERSIDAD NACIONAL DE JULIACA - UNAJ',11,'OFICINA DE PLANEAMIENTO Y PRESUPUESTO','17','OPP-UPM/09','Evaluación PEI','P',2,28,30,'Ley Universitaria Nª 30220, Resolución N° 272-2018-CCO-UNAJ - Reglamento de Organización y Funciones de la UNAJ','','','4','','','','2024-04-01','2024-04-01 00:00:00',0),(98,'UNIVERSIDAD NACIONAL DE JULIACA - UNAJ',11,'OFICINA DE PLANEAMIENTO Y PRESUPUESTO','17','OPP-UPM/10','Correspondencia','T',2,3,5,'Ley Universitaria Nª 30220, Resolución N° 272-2018-CCO-UNAJ - Reglamento de Organización y Funciones de la UNAJ','Documentación interna o externa, que se emite o recibe, en cumplimiento de las funciones establecidas en las normas generales y las internas (ROF)','Memorandum, informes, cartas, oficios, etc.','Media','D.S. N° 054-2018-PCM.  ROF UNAJ','Pública','','2024-04-01','2024-04-01 00:00:00',0),(99,'UNIVERSIDAD NACIONAL DE JULIACA - UNAJ',11,'OFICINA DE PLANEAMIENTO Y PRESUPUESTO','18','OPP-UP/11','Certificaciones','P',4,26,30,'Ley Universitaria Nª 30220, Resolución N° 272-2018-CCO-UNAJ - Reglamento de Organización y Funciones de la UNAJ','','','4','','','','2024-04-01','2024-04-01 00:00:00',0),(100,'UNIVERSIDAD NACIONAL DE JULIACA - UNAJ',11,'OFICINA DE PLANEAMIENTO Y PRESUPUESTO','18','OPP-UP/12','Modificación presupuestal (Notas)','P',3,27,30,'Ley Universitaria Nª 30220, Resolución N° 272-2018-CCO-UNAJ - Reglamento de Organización y Funciones de la UNAJ','','','4','','','','2024-04-01','2024-04-01 00:00:00',0),(101,'UNIVERSIDAD NACIONAL DE JULIACA - UNAJ',11,'OFICINA DE PLANEAMIENTO Y PRESUPUESTO','18','OPP-UP/13','Presupuesto Inicial de Apertura (PIA)','P',3,27,30,'Ley Universitaria Nª 30220, Resolución N° 272-2018-CCO-UNAJ - Reglamento de Organización y Funciones de la UNAJ','','','4','','','','2024-04-01','2024-04-01 00:00:00',0),(102,'UNIVERSIDAD NACIONAL DE JULIACA - UNAJ',11,'OFICINA DE PLANEAMIENTO Y PRESUPUESTO','18','OPP-UP/14','Conciliaciones Marco legal','P',3,27,30,'Ley Universitaria Nª 30220, Resolución N° 272-2018-CCO-UNAJ - Reglamento de Organización y Funciones de la UNAJ','','','4','','','','2024-04-01','2024-04-01 00:00:00',0),(103,'UNIVERSIDAD NACIONAL DE JULIACA - UNAJ',11,'OFICINA DE PLANEAMIENTO Y PRESUPUESTO','18','OPP-UP/15','Formulación de presupuesto Multianual','P',3,27,30,'Ley Universitaria Nª 30220, Resolución N° 272-2018-CCO-UNAJ - Reglamento de Organización y Funciones de la UNAJ','','','4','','','','2024-04-01','2024-04-01 00:00:00',0),(104,'UNIVERSIDAD NACIONAL DE JULIACA - UNAJ',11,'OFICINA DE PLANEAMIENTO Y PRESUPUESTO','18','OPP-UP/16','Correspondencia','T',3,2,5,'Ley Universitaria Nª 30220, Resolución N° 272-2018-CCO-UNAJ - Reglamento de Organización y Funciones de la UNAJ','Documentación interna o externa, que se emite o recibe, en cumplimiento de las funciones establecidas en las normas generales y las internas (ROF)','Memorandum, informes, cartas, oficios, etc.','Media','D.S. N° 054-2018-PCM.  ROF UNAJ','Pública','','2024-04-01','2024-04-01 00:00:00',0),(105,'UNIVERSIDAD NACIONAL DE JULIACA - UNAJ',11,'OFICINA DE PLANEAMIENTO Y PRESUPUESTO','19','OPP-UF/17','Perfil de proyectos','P',10,20,30,'Ley Universitaria Nª 30220, Resolución N° 272-2018-CCO-UNAJ - Reglamento de Organización y Funciones de la UNAJ','','','4','','','','2024-04-01','2024-04-01 00:00:00',0),(106,'UNIVERSIDAD NACIONAL DE JULIACA - UNAJ',11,'OFICINA DE PLANEAMIENTO Y PRESUPUESTO','19','OPP-UF/18','Estudios de perfil de IOAR','P',10,20,30,'Ley Universitaria Nª 30220, Resolución N° 272-2018-CCO-UNAJ - Reglamento de Organización y Funciones de la UNAJ','','','4','','','','2024-04-01','2024-04-01 00:00:00',0),(107,'UNIVERSIDAD NACIONAL DE JULIACA - UNAJ',11,'OFICINA DE PLANEAMIENTO Y PRESUPUESTO','19','OPP-UF/19','Estudios de inversiones no previstas','P',10,20,30,'Ley Universitaria Nª 30220, Resolución N° 272-2018-CCO-UNAJ - Reglamento de Organización y Funciones de la UNAJ','','','4','','','','2024-04-01','2024-04-01 00:00:00',0),(108,'UNIVERSIDAD NACIONAL DE JULIACA - UNAJ',11,'OFICINA DE PLANEAMIENTO Y PRESUPUESTO','19','OPP-UF/20','Programación multianual de Inversiones','P',3,27,30,'Ley Universitaria Nª 30220, Resolución N° 272-2018-CCO-UNAJ - Reglamento de Organización y Funciones de la UNAJ','','','4','','','','2024-04-01','2024-04-01 00:00:00',0),(109,'UNIVERSIDAD NACIONAL DE JULIACA - UNAJ',11,'OFICINA DE PLANEAMIENTO Y PRESUPUESTO','19','OPP-UF/21','Correspondencias','T',3,2,5,'Ley Universitaria Nª 30220, Resolución N° 272-2018-CCO-UNAJ - Reglamento de Organización y Funciones de la UNAJ','','','4','','','','2024-04-01','2024-04-01 00:00:00',0),(110,'UNIVERSIDAD NACIONAL DE JULIACA - UNAJ',13,'GESTION DE CALIDAD','23','OGC/01','Lineamientos, políticas y directivas de calidad Universitaria','P',10,20,30,'Ley Universitaria Nª 30220, Resolución N° 272-2018-CCO-UNAJ - Reglamento de Organización y Funciones de la UNAJ','','','4','','','','2024-04-01','2024-04-01 00:00:00',0),(111,'UNIVERSIDAD NACIONAL DE JULIACA - UNAJ',13,'GESTION DE CALIDAD','23','OGC/02','Proceso de Licenciamiento Institucional','P',10,20,30,'Resolución N° 192-2021-CCO-UNAJ - Reglamento de Organización y Funciones de la UNAJ                            ','Solicitud, formato de solicitud de licenciamiento, formato de solicitud de modificación de licencia institucional, declaración jurada, anexos de licenciamientos ','A1-A5, Formatos de licenciamiento, mallas curriculares por programa de estudio, Formato C3 de internet, Formato C6 Relacion de talleres y laboratorios, Formato C7 Relacion de equipos de laboratorio, Formato C8 cubiculos docentes, Formato C9 Relacion de docentes, Formato C10 Topico, Formato C11 Relacion de material bibliografico, indicadores: C1 existencia de objetivos academicos; grados y titulos a otorgar y planes de estudios correspondientes.C2 Oferta educativa a acrearse compatible con los fines propuestos en los instrumentos de planeamiento. C3 Infraestructura y equipamiento adecuado al cumplimento de sus funciones (aulas, bilbiotecas, laboratorios, entre otros). C4 Lineas de investigacion a desarrollar C5 Verificacion de la disponibilidad docente calificado C6 Verificacion de servicios educacionales complementarios basicos (servicio medico, social, psicologias, deporte entre otros) C7 Existencia de mecanismos de insercion laboral C8 Transparencia','Baja','1. Ley Universitaria 30220\r\n2. Modelo de licenciamiento y su implementación en el sistema universitario peruano\r\n3. Decreto Supremo 016-2015-MINEDU Politca de aseguramiento de la calidad educativa superior universitaria','Publica','Soporte: Papel( X ) Medios Electronicos ( X ) Otros (  )','2024-04-01','2024-04-24 21:21:55',1),(112,'UNIVERSIDAD NACIONAL DE JULIACA - UNAJ',13,'GESTION DE CALIDAD','23','OGC/03','Documentos de proceso de Acreditación Universitaria','P',3,27,30,'Resolución N° 192-2021-CCO-UNAJ - Reglamento de Organización y Funciones de la UNAJ','','','Alta','','Publica','Soporte: Papel( X ) Medios Electronicos (  ) Otros (  )','2024-04-01','2024-04-24 21:23:06',0),(113,'UNIVERSIDAD NACIONAL DE JULIACA - UNAJ',13,'GESTION DE CALIDAD','23','OGC/04','Informes de Implementación del Sistema de Gestión de la Calidad Universitaria','T',3,5,8,'Resolución N° 192-2021-CCO-UNAJ - Reglamento de Organización y Funciones de la UNAJ','Son documentos de mejora de la calidad universitaria en el tramite administrativo, académico','Informe, plan de trabajo, silabus','Baja','Cumplimiento de los requerimientos del sistemas de gestion de la calidad SUNEDU\r\nResolución N° 192-2021-CCO-UNAJ - Reglamento de Organización y Funciones de la UNAJ','Publica','Soporte: Papel( X ) Medios Electronicos ( X ) Otros (  )','2024-04-01','2024-04-24 21:33:06',1),(114,'UNIVERSIDAD NACIONAL DE JULIACA - UNAJ',13,'GESTION DE CALIDAD','23','OGC/05','Monitoreo del Sistema de Seguridad de salud en el Trabajo','P',3,27,30,'Resolución N° 192-2021-CCO-UNAJ - Reglamento de Organización y Funciones de la UNAJ\r\nResolución de conformación del Comité de Seguridad y Salud en el Trabajo, Resolución N°               ','Son instrumentos de gestión que contribuyen a la mejora y al cuidado de la salud de todos los trabajadores, estudiantes y personal.  ','Carta, informe, normativa, carta multiple, registro de equipos de seguridad y emergencia, registro de estadisticas de seguridad y salud, inspecciones, simulacros, capacitaciones','Media','1. Ley 29783  Ley de Seguridad y Salud en el Trabajo y su reglamento D.S. 005-2012-DR\r\n','Publica','Soporte: Papel( X ) Medios Electronicos ( X ) Otros (  )','2024-04-01','2024-04-24 21:47:45',1),(115,'UNIVERSIDAD NACIONAL DE JULIACA - UNAJ',13,'GESTION DE CALIDAD','23','OGC/06','Condiciones Básicas de Calidad - CBC','P',3,27,30,'Resolución N° 192-2021-CCO-UNAJ - Reglamento de Organización y Funciones de la UNAJ','','','Alta','','Publica','Soporte: Papel( X ) Medios Electronicos (  ) Otros (  )','2024-04-01','2024-04-24 21:43:23',0),(116,'UNIVERSIDAD NACIONAL DE JULIACA - UNAJ',13,'GESTION DE CALIDAD','23','OGC/07','Solicitud de modificación de licencias','P',3,27,30,'Ley Universitaria Nª 30220, Resolución N° 272-2018-CCO-UNAJ - Reglamento de Organización y Funciones de la UNAJ','','','4','','','','2024-04-01','2024-04-01 00:00:00',0),(117,'UNIVERSIDAD NACIONAL DE JULIACA - UNAJ',13,'GESTION DE CALIDAD','23','OGC/08','Fichas de Monitoreo de Condiciones básicas de calidad','T',3,7,10,'Resolución N° 192-2021-CCO-UNAJ - Reglamento de Organización y Funciones de la UNAJ              ','Son documentos que evidencian el cumplimiento de las condiciones basicas de calidad - CBC en la UNAJ','Formatos de revisión documentaria','Media','Plan de la oficina de gestión de la calidad - Indicador ','Publica','Soporte: Papel( X ) Medios Electronicos ( X ) Otros (  )','2024-04-01','2024-04-24 21:53:06',1),(118,'UNIVERSIDAD NACIONAL DE JULIACA - UNAJ',13,'GESTION DE CALIDAD','23','OGC/09','Correspondencia','T',2,3,5,'Resolución N° 192-2021-CCO-UNAJ - Reglamento de Organización y Funciones de la UNAJ','Documentación interna o externa, que se emite o recibe, en cumplimiento de las funciones establecidas en las normas generales y las internas del ROF','Memorandum, informes, cartas, oficios, etc.','Alta','Resolución N° 192-2021-CCO-UNAJ - Reglamento de Organización y Funciones de la UNAJ','Publica','Soporte: Papel( X ) Medios Electronicos ( X ) Otros (  )','2024-04-01','2024-04-24 21:54:02',1),(119,'UNIVERSIDAD NACIONAL DE JULIACA - UNAJ',14,'OFICINA DE COMUNICACIÓN E IMAGEN INSTITUCIONAL','24','OCII/01','Recortes periodísticos','T',2,3,5,'Ley Universitaria Nª 30220, Resolución N° 272-2018-CCO-UNAJ - Reglamento de Organización y Funciones de la UNAJ','','','4','','','','2024-04-01','2024-04-01 00:00:00',0),(120,'UNIVERSIDAD NACIONAL DE JULIACA - UNAJ',14,'OFICINA DE COMUNICACIÓN E IMAGEN INSTITUCIONAL','24','OCII/02','Memoria anual','P',2,28,30,'Ley Universitaria Nª 30220, Resolución N° 272-2018-CCO-UNAJ - Reglamento de Organización y Funciones de la UNAJ','','','4','','','','2024-04-01','2024-04-01 00:00:00',0),(121,'UNIVERSIDAD NACIONAL DE JULIACA - UNAJ',14,'OFICINA DE COMUNICACIÓN E IMAGEN INSTITUCIONAL','24','OCII/03','Notas de prensa','T',1,4,5,'Ley Universitaria Nª 30220, Resolución N° 272-2018-CCO-UNAJ - Reglamento de Organización y Funciones de la UNAJ','','','4','','','','2024-04-01','2024-04-01 00:00:00',0),(122,'UNIVERSIDAD NACIONAL DE JULIACA - UNAJ',14,'OFICINA DE COMUNICACIÓN E IMAGEN INSTITUCIONAL','24','OCII/05','Archivo Fotográfico - DIGITAL','P',0,0,0,'Ley Universitaria Nª 30220, Resolución N° 272-2018-CCO-UNAJ - Reglamento de Organización y Funciones de la UNAJ','','','4','','','','2024-04-01','2024-04-01 00:00:00',0),(123,'UNIVERSIDAD NACIONAL DE JULIACA - UNAJ',14,'OFICINA DE COMUNICACIÓN E IMAGEN INSTITUCIONAL','24','OCII/06','Archivo Multimedia - DIGITAL','P',0,0,0,'Ley Universitaria Nª 30220, Resolución N° 272-2018-CCO-UNAJ - Reglamento de Organización y Funciones de la UNAJ','','','4','','','','2024-04-01','2024-04-01 00:00:00',0),(124,'UNIVERSIDAD NACIONAL DE JULIACA - UNAJ',14,'OFICINA DE COMUNICACIÓN E IMAGEN INSTITUCIONAL','24','OCII/07','Correspondencia','T',2,3,5,'Ley Universitaria Nª 30220, Resolución N° 272-2018-CCO-UNAJ - Reglamento de Organización y Funciones de la UNAJ','Documentación interna o externa, que se emite o recibe, en cumplimiento de las funciones establecidas en las normas generales y las internas (ROF)','Memorandum, informes, cartas, oficios, etc.','Media','D.S. N° 054-2018-PCM.  ROF UNAJ','Pública','','2024-04-01','2024-04-01 00:00:00',0),(125,'UNIVERSIDAD NACIONAL DE JULIACA - UNAJ',15,'DIRECCION GENERAL DE ADMINISTRACION','25','DIGA/01','Resoluciones administrativas','',0,0,0,'Ley Universitaria Nª 30220, Resolución N° 272-2018-CCO-UNAJ - Reglamento de Organización y Funciones de la UNAJ','','','4','','','','2024-04-01','2024-04-01 00:00:00',0),(126,'UNIVERSIDAD NACIONAL DE JULIACA - UNAJ',15,'DIRECCION GENERAL DE ADMINISTRACION','25','DIGA/02','Declaraciones juradas de Bienes y Rentas','',0,0,0,'Ley Universitaria Nª 30220, Resolución N° 272-2018-CCO-UNAJ - Reglamento de Organización y Funciones de la UNAJ','','','4','','','','2024-04-01','2024-04-01 00:00:00',0),(127,'UNIVERSIDAD NACIONAL DE JULIACA - UNAJ',15,'DIRECCION GENERAL DE ADMINISTRACION','25','DIGA/03','Declaraciones juradas de Intereses','',0,0,0,'Ley Universitaria Nª 30220, Resolución N° 272-2018-CCO-UNAJ - Reglamento de Organización y Funciones de la UNAJ','','','4','','','','2024-04-01','2024-04-01 00:00:00',0),(128,'UNIVERSIDAD NACIONAL DE JULIACA - UNAJ',15,'DIRECCION GENERAL DE ADMINISTRACION','25','DIGA/04','Control interno','',0,0,0,'Ley Universitaria Nª 30220, Resolución N° 272-2018-CCO-UNAJ - Reglamento de Organización y Funciones de la UNAJ','','','4','','','','2024-04-01','2024-04-01 00:00:00',0),(129,'UNIVERSIDAD NACIONAL DE JULIACA - UNAJ',15,'DIRECCION GENERAL DE ADMINISTRACION','25','DIGA/05','Rendición de cuentas','',0,0,0,'Ley Universitaria Nª 30220, Resolución N° 272-2018-CCO-UNAJ - Reglamento de Organización y Funciones de la UNAJ','','','4','','','','2024-04-01','2024-04-01 00:00:00',0),(130,'UNIVERSIDAD NACIONAL DE JULIACA - UNAJ',15,'DIRECCION GENERAL DE ADMINISTRACION','25','DIGA/06','Diferencias de auditoria','',0,0,0,'Ley Universitaria Nª 30220, Resolución N° 272-2018-CCO-UNAJ - Reglamento de Organización y Funciones de la UNAJ','','','4','','','','2024-04-01','2024-04-01 00:00:00',0),(131,'UNIVERSIDAD NACIONAL DE JULIACA - UNAJ',15,'DIRECCION GENERAL DE ADMINISTRACION','25','DIGA/07','Cartas notariales','',0,0,0,'Ley Universitaria Nª 30220, Resolución N° 272-2018-CCO-UNAJ - Reglamento de Organización y Funciones de la UNAJ','','','4','','','','2024-04-01','2024-04-01 00:00:00',0),(132,'UNIVERSIDAD NACIONAL DE JULIACA - UNAJ',15,'DIRECCION GENERAL DE ADMINISTRACION','25','DIGA/08','Sistemas de control Interno','',0,0,0,'Ley Universitaria Nª 30220, Resolución N° 272-2018-CCO-UNAJ - Reglamento de Organización y Funciones de la UNAJ','','','4','','','','2024-04-01','2024-04-01 00:00:00',0),(133,'UNIVERSIDAD NACIONAL DE JULIACA - UNAJ',15,'DIRECCION GENERAL DE ADMINISTRACION','25','DIGA/09','Auditoria externa','',0,0,0,'Ley Universitaria Nª 30220, Resolución N° 272-2018-CCO-UNAJ - Reglamento de Organización y Funciones de la UNAJ','','','4','','','','2024-04-01','2024-04-01 00:00:00',0),(134,'UNIVERSIDAD NACIONAL DE JULIACA - UNAJ',15,'DIRECCION GENERAL DE ADMINISTRACION','25','DIGA/10','Correspondencia','',0,0,0,'Ley Universitaria Nª 30220, Resolución N° 272-2018-CCO-UNAJ - Reglamento de Organización y Funciones de la UNAJ','Documentación interna o externa, que se emite o recibe, en cumplimiento de las funciones establecidas en las normas generales y las internas (ROF)','Memorandum, informes, cartas, oficios, etc.','Media','D.S. N° 054-2018-PCM.  ROF UNAJ','Pública','','2024-04-01','2024-04-01 00:00:00',0),(135,'UNIVERSIDAD NACIONAL DE JULIACA - UNAJ',15,'DIRECCION GENERAL DE ADMINISTRACION','26','DIGA-URH/11','Expedientes de procesos CAS','P',5,25,30,'Ley Universitaria Nª 30220, Resolución N° 272-2018-CCO-UNAJ - Reglamento de Organización y Funciones de la UNAJ','','','4','','','','2024-04-01','2024-04-01 00:00:00',0),(136,'UNIVERSIDAD NACIONAL DE JULIACA - UNAJ',15,'DIRECCION GENERAL DE ADMINISTRACION','26','DIGA-URH/12','Contratos administrativos','P',5,25,30,'Ley Universitaria Nª 30220, Resolución N° 272-2018-CCO-UNAJ - Reglamento de Organización y Funciones de la UNAJ','','','4','','','','2024-04-01','2024-04-01 00:00:00',0),(137,'UNIVERSIDAD NACIONAL DE JULIACA - UNAJ',15,'DIRECCION GENERAL DE ADMINISTRACION','26','DIGA-URH/13','Contratos docentes','P',5,25,30,'Ley Universitaria Nª 30220, Resolución N° 272-2018-CCO-UNAJ - Reglamento de Organización y Funciones de la UNAJ','','','4','','','','2024-04-01','2024-04-01 00:00:00',0),(138,'UNIVERSIDAD NACIONAL DE JULIACA - UNAJ',15,'DIRECCION GENERAL DE ADMINISTRACION','26','DIGA-URH/14','Legajos de personal Docente Ordinario','P',30,0,30,'Ley Universitaria Nª 30220, Resolución N° 272-2018-CCO-UNAJ - Reglamento de Organización y Funciones de la UNAJ','','','4','','','','2024-04-01','2024-04-01 00:00:00',0),(139,'UNIVERSIDAD NACIONAL DE JULIACA - UNAJ',15,'DIRECCION GENERAL DE ADMINISTRACION','26','DIGA-URH/15','Legajos de personal CAS Indeterminado','P',30,0,30,'Ley Universitaria Nª 30220, Resolución N° 272-2018-CCO-UNAJ - Reglamento de Organización y Funciones de la UNAJ','','','4','','','','2024-04-01','2024-04-01 00:00:00',0),(140,'UNIVERSIDAD NACIONAL DE JULIACA - UNAJ',15,'DIRECCION GENERAL DE ADMINISTRACION','26','DIGA-URH/16','Legajos de personal Docente Contratado','P',3,27,30,'Ley Universitaria Nª 30220, Resolución N° 272-2018-CCO-UNAJ - Reglamento de Organización y Funciones de la UNAJ','','','4','','','','2024-04-01','2024-04-01 00:00:00',0),(141,'UNIVERSIDAD NACIONAL DE JULIACA - UNAJ',15,'DIRECCION GENERAL DE ADMINISTRACION','26','DIGA-URH/17','Legajos de personal CAS Determinado','P',3,27,30,'Ley Universitaria Nª 30220, Resolución N° 272-2018-CCO-UNAJ - Reglamento de Organización y Funciones de la UNAJ','','','4','','','','2024-04-01','2024-04-01 00:00:00',0),(142,'UNIVERSIDAD NACIONAL DE JULIACA - UNAJ',15,'DIRECCION GENERAL DE ADMINISTRACION','26','DIGA-URH/18','Planilla de pagos','P',5,25,30,'Ley Universitaria Nª 30220, Resolución N° 272-2018-CCO-UNAJ - Reglamento de Organización y Funciones de la UNAJ','','','4','','','','2024-04-01','2024-04-01 00:00:00',0),(143,'UNIVERSIDAD NACIONAL DE JULIACA - UNAJ',15,'DIRECCION GENERAL DE ADMINISTRACION','26','DIGA-URH/19','Cuadro de asignación de Personal - CAPP','P',3,27,30,'Ley Universitaria Nª 30220, Resolución N° 272-2018-CCO-UNAJ - Reglamento de Organización y Funciones de la UNAJ','','','4','','','','2024-04-01','2024-04-01 00:00:00',0),(144,'UNIVERSIDAD NACIONAL DE JULIACA - UNAJ',15,'DIRECCION GENERAL DE ADMINISTRACION','26','DIGA-URH/20','Presupuesto Analitico de Personal PAP','P',3,27,30,'Ley Universitaria Nª 30220, Resolución N° 272-2018-CCO-UNAJ - Reglamento de Organización y Funciones de la UNAJ','','','4','','','','2024-04-01','2024-04-01 00:00:00',0),(145,'UNIVERSIDAD NACIONAL DE JULIACA - UNAJ',15,'DIRECCION GENERAL DE ADMINISTRACION','26','DIGA-URH/21','Boletas de pago','P',5,25,30,'Ley Universitaria Nª 30220, Resolución N° 272-2018-CCO-UNAJ - Reglamento de Organización y Funciones de la UNAJ','','','4','','','','2024-04-01','2024-04-01 00:00:00',0),(146,'UNIVERSIDAD NACIONAL DE JULIACA - UNAJ',15,'DIRECCION GENERAL DE ADMINISTRACION','26','DIGA-URH/22','Reglamentos, Lineamientos y/o Directivas','P',3,27,30,'Ley Universitaria Nª 30220, Resolución N° 272-2018-CCO-UNAJ - Reglamento de Organización y Funciones de la UNAJ','','','4','','','','2024-04-01','2024-04-01 00:00:00',0),(147,'UNIVERSIDAD NACIONAL DE JULIACA - UNAJ',15,'DIRECCION GENERAL DE ADMINISTRACION','26','DIGA-URH/23','Expediente de sanciones','P',5,25,30,'Ley Universitaria Nª 30220, Resolución N° 272-2018-CCO-UNAJ - Reglamento de Organización y Funciones de la UNAJ','','','4','','','','2024-04-01','2024-04-01 00:00:00',0),(148,'UNIVERSIDAD NACIONAL DE JULIACA - UNAJ',15,'DIRECCION GENERAL DE ADMINISTRACION','26','DIGA-URH/24','Órgano sancionador de informes de no a lugar','P',3,27,30,'Ley Universitaria Nª 30220, Resolución N° 272-2018-CCO-UNAJ - Reglamento de Organización y Funciones de la UNAJ','','','4','','','','2024-04-01','2024-04-01 00:00:00',0),(149,'UNIVERSIDAD NACIONAL DE JULIACA - UNAJ',15,'DIRECCION GENERAL DE ADMINISTRACION','26','DIGA-URH/25','Liquidación de vacaciones truncas','P',3,27,30,'Ley Universitaria Nª 30220, Resolución N° 272-2018-CCO-UNAJ - Reglamento de Organización y Funciones de la UNAJ','','','4','','','','2024-04-01','2024-04-01 00:00:00',0),(150,'UNIVERSIDAD NACIONAL DE JULIACA - UNAJ',15,'DIRECCION GENERAL DE ADMINISTRACION','26','DIGA-URH/26','Reporte de registro de Sanciones','P',5,25,30,'Ley Universitaria Nª 30220, Resolución N° 272-2018-CCO-UNAJ - Reglamento de Organización y Funciones de la UNAJ','','','4','','','','2024-04-01','2024-04-01 00:00:00',0),(151,'UNIVERSIDAD NACIONAL DE JULIACA - UNAJ',15,'DIRECCION GENERAL DE ADMINISTRACION','26','DIGA-URH/27','Plan de desarrollo del personal (Capacitaciones)','P',3,27,30,'Ley Universitaria Nª 30220, Resolución N° 272-2018-CCO-UNAJ - Reglamento de Organización y Funciones de la UNAJ','','','4','','','','2024-04-01','2024-04-01 00:00:00',0),(152,'UNIVERSIDAD NACIONAL DE JULIACA - UNAJ',15,'DIRECCION GENERAL DE ADMINISTRACION','26','DIGA-URH/28','Cargo de entrega de certificados y constancias (Varios)','T',2,3,5,'Ley Universitaria Nª 30220, Resolución N° 272-2018-CCO-UNAJ - Reglamento de Organización y Funciones de la UNAJ','','','4','','','','2024-04-01','2024-04-01 00:00:00',0),(153,'UNIVERSIDAD NACIONAL DE JULIACA - UNAJ',15,'DIRECCION GENERAL DE ADMINISTRACION','26','DIGA-URH/29','Convenio colectivo','P',3,27,30,'Ley Universitaria Nª 30220, Resolución N° 272-2018-CCO-UNAJ - Reglamento de Organización y Funciones de la UNAJ','','','4','','','','2024-04-01','2024-04-01 00:00:00',0),(154,'UNIVERSIDAD NACIONAL DE JULIACA - UNAJ',15,'DIRECCION GENERAL DE ADMINISTRACION','26','DIGA-URH/30','Control de asistencias','virtual',0,0,0,'Ley Universitaria Nª 30220, Resolución N° 272-2018-CCO-UNAJ - Reglamento de Organización y Funciones de la UNAJ','','','4','','','','2024-04-01','2024-04-01 00:00:00',0),(155,'UNIVERSIDAD NACIONAL DE JULIACA - UNAJ',15,'DIRECCION GENERAL DE ADMINISTRACION','26','DIGA-URH/31','Memorándum','P',3,27,30,'Ley Universitaria Nª 30220, Resolución N° 272-2018-CCO-UNAJ - Reglamento de Organización y Funciones de la UNAJ','','','4','','','','2024-04-01','2024-04-01 00:00:00',0),(156,'UNIVERSIDAD NACIONAL DE JULIACA - UNAJ',15,'DIRECCION GENERAL DE ADMINISTRACION','26','DIGA-URH/32','Correspondencia','T',3,5,8,'Ley Universitaria Nª 30220, Resolución N° 272-2018-CCO-UNAJ - Reglamento de Organización y Funciones de la UNAJ','Documentación interna o externa, que se emite o recibe, en cumplimiento de las funciones establecidas en las normas generales y las internas (ROF)','Memorandum, informes, cartas, oficios, etc.','Media','D.S. N° 054-2018-PCM.  ROF UNAJ','Pública','','2024-04-01','2024-04-01 00:00:00',0),(157,'UNIVERSIDAD NACIONAL DE JULIACA - UNAJ',15,'DIRECCION GENERAL DE ADMINISTRACION','27','DIGA-ABAS/33','Expedientes de contratación de procesos','P',2,28,30,'Ley Universitaria Nª 30220, Resolución N° 272-2018-CCO-UNAJ - Reglamento de Organización y Funciones de la UNAJ','','','4','','','','2024-04-01','2024-04-01 00:00:00',0),(158,'UNIVERSIDAD NACIONAL DE JULIACA - UNAJ',15,'DIRECCION GENERAL DE ADMINISTRACION','27','DIGA-ABAS/34','Expedientes de contratos (Locación, otros)','P',2,28,30,'Ley Universitaria Nª 30220, Resolución N° 272-2018-CCO-UNAJ - Reglamento de Organización y Funciones de la UNAJ','','','4','','','','2024-04-01','2024-04-01 00:00:00',0),(159,'UNIVERSIDAD NACIONAL DE JULIACA - UNAJ',15,'DIRECCION GENERAL DE ADMINISTRACION','27','DIGA-ABAS/35','Ordenes de compra y servicios','T',2,3,5,'Ley Universitaria Nª 30220, Resolución N° 272-2018-CCO-UNAJ - Reglamento de Organización y Funciones de la UNAJ','','','4','','','','2024-04-01','2024-04-01 00:00:00',0),(160,'UNIVERSIDAD NACIONAL DE JULIACA - UNAJ',15,'DIRECCION GENERAL DE ADMINISTRACION','27','DIGA-ABAS/36','Correspondencia','T',2,3,5,'Ley Universitaria Nª 30220, Resolución N° 272-2018-CCO-UNAJ - Reglamento de Organización y Funciones de la UNAJ','Documentación interna o externa, que se emite o recibe, en cumplimiento de las funciones establecidas en las normas generales y las internas (ROF)','Memorandum, informes, cartas, oficios, etc.','Media','D.S. N° 054-2018-PCM.  ROF UNAJ','Pública','','2024-04-01','2024-04-01 00:00:00',0),(161,'UNIVERSIDAD NACIONAL DE JULIACA - UNAJ',15,'DIRECCION GENERAL DE ADMINISTRACION','28','DIGA-ALMAC/37','Pecosa','T',3,2,5,'Directiva 004-2021-EF/54.01 MEF','Es un documento que justifica la salida y bienes y/o materiales del almacén, hacia el área usuario debidamente firmada por el área usuario y el responsable de almacén.','orden de compra, guia de remision, pecosa','Alta','MEF','Publica','Soporte: Papel( X ) Medios Electronicos (  ) Otros (  )','2024-04-01','2024-04-23 17:06:22',1),(162,'UNIVERSIDAD NACIONAL DE JULIACA - UNAJ',15,'DIRECCION GENERAL DE ADMINISTRACION','28','DIGA-ALMAC/38','Nota de Entrada de almacén','T',3,2,5,'Ley Universitaria Nª 30220, Resolución N° 272-2018-CCO-UNAJ - Reglamento de Organización y Funciones de la UNAJ                            ','Se utiliza para informar sobre ingresos de bienes al almacén por conceptos distintos de la adquisición tales como donación de bienes, producción de bienes, sobrantes de inventario remesa de bienes, transferencias','NEA, Inventario, resolución, póliza, factura y/o boleta de compra','Baja','SIGA-MEF','Publica','Soporte: Papel( X ) Medios Electronicos ( X ) Otros (  )','2024-04-01','2024-04-23 16:59:26',0),(163,'UNIVERSIDAD NACIONAL DE JULIACA - UNAJ',15,'DIRECCION GENERAL DE ADMINISTRACION','28','DIGA-ALMAC/39','Correspondencia','T',2,3,5,'Ley Universitaria Nª 30220, Resolución N° 272-2018-CCO-UNAJ - Reglamento de Organización y Funciones de la UNAJ              ','Documentación interna o externa, que se emite o recibe, en cumplimiento de las funciones establecidas en las normas generales y las internas (ROF)','Memorandum, informes, cartas, oficios, etc.','Alta','D.S. N° 054-2018-PCM.  ROF UNAJ','Publica','Soporte: Papel( X ) Medios Electronicos (  ) Otros (  )','2024-04-01','2024-04-23 17:07:47',1),(164,'UNIVERSIDAD NACIONAL DE JULIACA - UNAJ',15,'DIRECCION GENERAL DE ADMINISTRACION','29','DIGA-UEI/40','Expedientes técnicos','P',4,26,30,'Ley Universitaria Nª 30220, Resolución N° 272-2018-CCO-UNAJ - Reglamento de Organización y Funciones de la UNAJ','','','4','','','','2024-04-01','2024-04-01 00:00:00',0),(165,'UNIVERSIDAD NACIONAL DE JULIACA - UNAJ',15,'DIRECCION GENERAL DE ADMINISTRACION','29','DIGA-UEI/41','Valorizaciones','P',4,26,30,'Ley Universitaria Nª 30220, Resolución N° 272-2018-CCO-UNAJ - Reglamento de Organización y Funciones de la UNAJ','','','4','','','','2024-04-01','2024-04-01 00:00:00',0),(166,'UNIVERSIDAD NACIONAL DE JULIACA - UNAJ',15,'DIRECCION GENERAL DE ADMINISTRACION','29','DIGA-UEI/42','Liquidación de obras','P',2,28,30,'Ley Universitaria Nª 30220, Resolución N° 272-2018-CCO-UNAJ - Reglamento de Organización y Funciones de la UNAJ','','','4','','','','2024-04-01','2024-04-01 00:00:00',0),(167,'UNIVERSIDAD NACIONAL DE JULIACA - UNAJ',15,'DIRECCION GENERAL DE ADMINISTRACION','29','DIGA-UEI/43','Correspondencia','T',2,3,5,'Ley Universitaria Nª 30220, Resolución N° 272-2018-CCO-UNAJ - Reglamento de Organización y Funciones de la UNAJ','Documentación interna o externa, que se emite o recibe, en cumplimiento de las funciones establecidas en las normas generales y las internas (ROF)','Memorandum, informes, cartas, oficios, etc.','Media','D.S. N° 054-2018-PCM.  ROF UNAJ','Pública','','2024-04-01','2024-04-01 00:00:00',0),(168,'UNIVERSIDAD NACIONAL DE JULIACA - UNAJ',15,'DIRECCION GENERAL DE ADMINISTRACION','30','DIGA-CONTA/44','Libros contables','P',3,27,30,'Ley Universitaria Nª 30220, Resolución N° 272-2018-CCO-UNAJ - Reglamento de Organización y Funciones de la UNAJ','','','4','','','','2024-04-01','2024-04-01 00:00:00',0),(169,'UNIVERSIDAD NACIONAL DE JULIACA - UNAJ',15,'DIRECCION GENERAL DE ADMINISTRACION','30','DIGA-CONTA/45','Libro Mayor','P',3,27,30,'Ley Universitaria Nª 30220, Resolución N° 272-2018-CCO-UNAJ - Reglamento de Organización y Funciones de la UNAJ','','','4','','','','2024-04-01','2024-04-01 00:00:00',0),(170,'UNIVERSIDAD NACIONAL DE JULIACA - UNAJ',15,'DIRECCION GENERAL DE ADMINISTRACION','30','DIGA-CONTA/46','Libro de Inventario y Balance','P',3,27,30,'Ley Universitaria Nª 30220, Resolución N° 272-2018-CCO-UNAJ - Reglamento de Organización y Funciones de la UNAJ','','','4','','','','2024-04-01','2024-04-01 00:00:00',0),(171,'UNIVERSIDAD NACIONAL DE JULIACA - UNAJ',15,'DIRECCION GENERAL DE ADMINISTRACION','30','DIGA-CONTA/47','Movimientos de almacén','P',3,27,30,'Ley Universitaria Nª 30220, Resolución N° 272-2018-CCO-UNAJ - Reglamento de Organización y Funciones de la UNAJ','','','4','','','','2024-04-01','2024-04-01 00:00:00',0),(172,'UNIVERSIDAD NACIONAL DE JULIACA - UNAJ',15,'DIRECCION GENERAL DE ADMINISTRACION','30','DIGA-CONTA/48','Conciliaciones bancarias','T',2,3,5,'Ley Universitaria Nª 30220, Resolución N° 272-2018-CCO-UNAJ - Reglamento de Organización y Funciones de la UNAJ','','','4','','','','2024-04-01','2024-04-01 00:00:00',0),(173,'UNIVERSIDAD NACIONAL DE JULIACA - UNAJ',15,'DIRECCION GENERAL DE ADMINISTRACION','30','DIGA-CONTA/49','Información financiera de presupuesto','P',3,27,30,'Ley Universitaria Nª 30220, Resolución N° 272-2018-CCO-UNAJ - Reglamento de Organización y Funciones de la UNAJ','','','4','','','','2024-04-01','2024-04-01 00:00:00',0),(174,'UNIVERSIDAD NACIONAL DE JULIACA - UNAJ',15,'DIRECCION GENERAL DE ADMINISTRACION','30','DIGA-CONTA/50','Inventario de Bienes Patrimoniales','P',3,27,30,'Ley Universitaria Nª 30220, Resolución N° 272-2018-CCO-UNAJ - Reglamento de Organización y Funciones de la UNAJ','','','4','','','','2024-04-01','2024-04-01 00:00:00',0),(175,'UNIVERSIDAD NACIONAL DE JULIACA - UNAJ',15,'DIRECCION GENERAL DE ADMINISTRACION','30','DIGA-CONTA/51','Inventario Físico de libros de Biblioteca','P',3,27,30,'Ley Universitaria Nª 30220, Resolución N° 272-2018-CCO-UNAJ - Reglamento de Organización y Funciones de la UNAJ','','','4','','','','2024-04-01','2024-04-01 00:00:00',0),(176,'UNIVERSIDAD NACIONAL DE JULIACA - UNAJ',15,'DIRECCION GENERAL DE ADMINISTRACION','30','DIGA-CONTA/52','Saneamiento contable','T',3,7,10,'Ley Universitaria Nª 30220, Resolución N° 272-2018-CCO-UNAJ - Reglamento de Organización y Funciones de la UNAJ','','','4','','','','2024-04-01','2024-04-01 00:00:00',0),(177,'UNIVERSIDAD NACIONAL DE JULIACA - UNAJ',15,'DIRECCION GENERAL DE ADMINISTRACION','30','DIGA-CONTA/53','Declaraciones a la SUNAT','P',3,27,30,'Ley Universitaria Nª 30220, Resolución N° 272-2018-CCO-UNAJ - Reglamento de Organización y Funciones de la UNAJ','','','4','','','','2024-04-01','2024-04-01 00:00:00',0),(178,'UNIVERSIDAD NACIONAL DE JULIACA - UNAJ',15,'DIRECCION GENERAL DE ADMINISTRACION','30','DIGA-CONTA/54','Libros de Cargo','T',2,3,5,'Ley Universitaria Nª 30220, Resolución N° 272-2018-CCO-UNAJ - Reglamento de Organización y Funciones de la UNAJ','','','4','','','','2024-04-01','2024-04-01 00:00:00',0),(179,'UNIVERSIDAD NACIONAL DE JULIACA - UNAJ',15,'DIRECCION GENERAL DE ADMINISTRACION','30','DIGA-CONTA/55','Retenciones','T',2,3,5,'Ley Universitaria Nª 30220, Resolución N° 272-2018-CCO-UNAJ - Reglamento de Organización y Funciones de la UNAJ','','','4','','','','2024-04-01','2024-04-01 00:00:00',0),(180,'UNIVERSIDAD NACIONAL DE JULIACA - UNAJ',15,'DIRECCION GENERAL DE ADMINISTRACION','30','DIGA-CONTA/56','Correspondencia','T',2,8,10,'Ley Universitaria Nª 30220, Resolución N° 272-2018-CCO-UNAJ - Reglamento de Organización y Funciones de la UNAJ','Documentación interna o externa, que se emite o recibe, en cumplimiento de las funciones establecidas en las normas generales y las internas (ROF)','Memorandum, informes, cartas, oficios, etc.','Media','D.S. N° 054-2018-PCM.  ROF UNAJ','Pública','','2024-04-01','2024-04-01 00:00:00',0),(181,'UNIVERSIDAD NACIONAL DE JULIACA - UNAJ',15,'DIRECCION GENERAL DE ADMINISTRACION','31','DIGA-TESO/57','Comprobantes de pago','T(antes P)',6,6,12,'Ley Universitaria Nª 30220, Resolución N° 272-2018-CCO-UNAJ - Reglamento de Organización y Funciones de la UNAJ','','','4','','','','2024-04-01','2024-04-01 00:00:00',0),(182,'UNIVERSIDAD NACIONAL DE JULIACA - UNAJ',15,'DIRECCION GENERAL DE ADMINISTRACION','31','DIGA-TESO/58','Recibo de Ingresos RDR','T(antes P)',6,4,10,'Ley Universitaria Nª 30220, Resolución N° 272-2018-CCO-UNAJ - Reglamento de Organización y Funciones de la UNAJ','','','4','','','','2024-04-01','2024-04-01 00:00:00',0),(183,'UNIVERSIDAD NACIONAL DE JULIACA - UNAJ',15,'DIRECCION GENERAL DE ADMINISTRACION','31','DIGA-TESO/59','Voucher de deposito','T(antes P)',6,4,10,'Ley Universitaria Nª 30220, Resolución N° 272-2018-CCO-UNAJ - Reglamento de Organización y Funciones de la UNAJ','','','4','','','','2024-04-01','2024-04-01 00:00:00',0),(184,'UNIVERSIDAD NACIONAL DE JULIACA - UNAJ',15,'DIRECCION GENERAL DE ADMINISTRACION','31','DIGA-TESO/60','Correspondencia','T',2,3,5,'Ley Universitaria Nª 30220, Resolución N° 272-2018-CCO-UNAJ - Reglamento de Organización y Funciones de la UNAJ','Documentación interna o externa, que se emite o recibe, en cumplimiento de las funciones establecidas en las normas generales y las internas (ROF)','Memorandum, informes, cartas, oficios, etc.','Media','D.S. N° 054-2018-PCM.  ROF UNAJ','Pública','','2024-04-01','2024-04-01 00:00:00',0),(185,'UNIVERSIDAD NACIONAL DE JULIACA - UNAJ',15,'DIRECCION GENERAL DE ADMINISTRACION','33','DIGA-USG/61','Expedientes técnicos de mantenimiento','T',3,2,5,'Resolución N° 192-2021-CCO-UNAJ - Reglamento de Organización y Funciones de la UNAJ              ','Es un expediente que se inicia a traves de una necesidad institucional, que pasa por diversos actos administrativos, para brindar la solución a la necesidad requerida.','Carta, informes, Oficios, planos, medios magneticos (CD o DVD), memoria descriptiva, resolución','Alta','','Publica','Soporte: Papel( X ) Medios Electronicos (  ) Otros (  )','2024-04-01','2024-04-24 19:35:52',0),(186,'UNIVERSIDAD NACIONAL DE JULIACA - UNAJ',15,'DIRECCION GENERAL DE ADMINISTRACION','33','DIGA-USG/62','Correspondencia','T',3,2,5,'Resolución N° 192-2021-CCO-UNAJ - Reglamento de Organización y Funciones de la UNAJ','Documentación interna o externa, que se emite o recibe, en cumplimiento de las funciones establecidas en las normas generales y las internas en ROF','Memorandum, informes, cartas, oficios, etc.','Alta','Resolución N° 192-2021-CCO-UNAJ - Reglamento de Organización y Funciones de la UNAJ','Publica','Soporte: Papel( X ) Medios Electronicos ( X ) Otros (  )','2024-04-01','2024-04-24 19:36:41',1),(187,'UNIVERSIDAD NACIONAL DE JULIACA - UNAJ',15,'DIRECCION GENERAL DE ADMINISTRACION','33','DIGA-USG/63','Papeletas de salida vehicular','T',2,3,5,'Resolución N° 192-2021-CCO-UNAJ - Reglamento de Organización y Funciones de la UNAJ','Son documentos de control de movimiento y desplazamiento vehicular de la institución, debidamente autorizados, donde se consigna el nombre del vehículo, placa, hora de salida, fecha, hora de llegada entre otros. ','Papeletas, vale de combustible, resolucion u otros documentos','Alta','Resolución N° 192-2021-CCO-UNAJ - Reglamento de Organización y Funciones de la UNAJ','Publica','Soporte: Papel( X ) Medios Electronicos ( X ) Otros (  )','2024-04-01','2024-04-24 19:39:57',1),(188,'UNIVERSIDAD NACIONAL DE JULIACA - UNAJ',15,'DIRECCION GENERAL DE ADMINISTRACION','33','DIGA-USG/64','SOAT','T',1,1,2,'Ley Universitaria Nª 30220, Resolución N° 272-2018-CCO-UNAJ - Reglamento de Organización y Funciones de la UNAJ','','','4','','','','2024-04-01','2024-04-01 00:00:00',0),(189,'UNIVERSIDAD NACIONAL DE JULIACA - UNAJ',15,'DIRECCION GENERAL DE ADMINISTRACION','33','DIGA-USG/65','Ficha Técnica vehicular','T',3,2,5,'Resolución N° 192-2021-CCO-UNAJ - Reglamento de Organización y Funciones de la UNAJ\r\n              ','Es un documento por medio del cual se les asigna un vehiculo.  Esta contiene las características completo del vehiculo, su estado, y las herramientas de dicho vehiculo.','Acta, ficha técnica, memorandum','Alta','DIRECTIVA DE USO, CONTROL, MANTENIMIENTO, REPARACIÓN Y ABASTECIMIENTO DE COMBUSTIBLE DE LOS VEHÍCULOS DE LA UNIVERSIDAD NACIONAL DE JULIACA - UNAJ\r\nDirectiva N° 004-2023-UNAJ/USG','Publica','Soporte: Papel( X ) Medios Electronicos (  ) Otros (  )','2024-04-01','2024-04-24 19:49:05',1),(190,'UNIVERSIDAD NACIONAL DE JULIACA - UNAJ',15,'DIRECCION GENERAL DE ADMINISTRACION','33','DIGA-USG/66','Revisiones técnicas','T',1,1,2,'Resolución N° 192-2021-CCO-UNAJ - Reglamento de Organización y Funciones de la UNAJ','','Solicitud, informe, orden de servicio','Baja','Ministerio de transportes y comunicaciones','Publica','Soporte: Papel( X ) Medios Electronicos (  ) Otros (  )','2024-04-01','2024-04-24 19:51:29',1),(191,'UNIVERSIDAD NACIONAL DE JULIACA - UNAJ',15,'DIRECCION GENERAL DE ADMINISTRACION','33','DIGA-USG/67','Legajo de conductores','P',5,25,30,'Resolución N° 192-2021-CCO-UNAJ - Reglamento de Organización y Funciones de la UNAJ','Son documentos','','Nula','','Publica','Soporte: Papel( X ) Medios Electronicos (  ) Otros (  )','2024-04-01','2024-04-24 19:52:30',1),(192,'UNIVERSIDAD NACIONAL DE JULIACA - UNAJ',15,'DIRECCION GENERAL DE ADMINISTRACION','33','DIGA-USG/68','Correspondencia','T',3,2,5,'Resolución N° 192-2021-CCO-UNAJ - Reglamento de Organización y Funciones de la UNAJ','Documentación interna o externa, que se emite o recibe, en cumplimiento de las funciones establecidas en las normas generales y las internas (ROF)','Memorandum, informes, cartas, oficios, etc.','Alta','Resolución N° 192-2021-CCO-UNAJ - Reglamento de Organización y Funciones de la UNAJ','Publica','Soporte: Papel( X ) Medios Electronicos ( X ) Otros (  )','2024-04-01','2024-04-24 19:53:26',1),(193,'UNIVERSIDAD NACIONAL DE JULIACA - UNAJ',16,'OFICINA DE TECNOLOGÍAS DE LA INFORMACION','34','OTI/01','Manual de sistemas','P',5,25,30,'Ley Universitaria Nª 30220, Resolución N° 272-2018-CCO-UNAJ - Reglamento de Organización y Funciones de la UNAJ                                                                                    ','Documentos con información técnica general de requisitos y caracteristicas, asi mismo presenta la forma de uso de las aplicaciones.  Algunos presentan privilegios de usuario y otros no. ','Rof','Media','ROF- Parte de los indicadores para el Licenciamiento','Publica','Soporte: Papel( X ) Medios Electronicos (  ) Otros (  )','2024-04-01','2024-04-23 15:39:33',0),(194,'UNIVERSIDAD NACIONAL DE JULIACA - UNAJ',16,'OFICINA DE TECNOLOGÍAS DE LA INFORMACION','34','OTI/02','Plan de gobierno y transformación digital','P',10,20,30,'Ley Universitaria Nª 30220, Resolución N° 272-2018-CCO-UNAJ - Reglamento de Organización y Funciones de la UNAJ\r\nSecretarias General de Gobierno - Ley de Gobierno Digital  DL 1412    ','Son documentos que presentan la estructura funcional y actividades a desarrollar en el marco de la marco de la modernización contemplados en el gobierno digital en la UNAJ, que contribuye al logro de objetivos estratégicos institucionales, sectoriales y nacionales.','Planes, resolucion, cartera de proyectos multianual, convenios','Media','DL 1412 LEY DE GOBIERNO DIGITAL','Publica','Soporte: Papel( X ) Medios Electronicos ( X ) Otros (  )','2024-04-01','2024-04-23 15:52:40',1),(195,'UNIVERSIDAD NACIONAL DE JULIACA - UNAJ',16,'OFICINA DE TECNOLOGÍAS DE LA INFORMACION','34','OTI/03','Informes de avances en proyectos de tecnología','P',5,25,30,'Ley Universitaria Nª 30220, Resolución N° 272-2018-CCO-UNAJ - Reglamento de Organización y Funciones de la UNAJ                            ','Son de perfiles, propuestas de implementación de tecnologías previas a ser aprobadas.','Plan, Informes, evidencias, reportes','Baja','ROF','Publica','Soporte: Papel( X ) Medios Electronicos ( X ) Otros (  )','2024-04-01','2024-04-23 15:56:40',0),(196,'UNIVERSIDAD NACIONAL DE JULIACA - UNAJ',16,'OFICINA DE TECNOLOGÍAS DE LA INFORMACION','34','OTI/04','Plan de trabajo OTI','T',5,5,10,'Ley Universitaria Nª 30220, Resolución N° 272-2018-CCO-UNAJ - Reglamento de Organización y Funciones de la UNAJ              ','Documentos que contemplas las funciones y actividades del personal a cargo de areas que contemplan la OTI','Plan, Resolución','Baja','ROF','Publica','Soporte: Papel( X ) Medios Electronicos ( X ) Otros (  )','2024-04-01','2024-04-23 15:58:46',1),(197,'UNIVERSIDAD NACIONAL DE JULIACA - UNAJ',16,'OFICINA DE TECNOLOGÍAS DE LA INFORMACION','34','OTI/05','Políticas y directivas de OTI','P',10,20,30,'Ley Universitaria Nª 30220, Resolución N° 272-2018-CCO-UNAJ - Reglamento de Organización y Funciones de la UNAJ                                          ','Son documentos normativos que regulan el uso adecuado de los servicios, aplicaciones informáticas y mutiles tecnologías con las que cuenta la UNAJ','Directivas, reglamentos, manuales de usuario','Alta','ROF','Publica','Soporte: Papel( X ) Medios Electronicos (  ) Otros (  )','2024-04-01','2024-04-23 16:24:18',1),(198,'UNIVERSIDAD NACIONAL DE JULIACA - UNAJ',16,'OFICINA DE TECNOLOGÍAS DE LA INFORMACION','34','OTI/06','Resolución','T',3,2,5,'Ley Universitaria Nª 30220, Resolución N° 272-2018-CCO-UNAJ - Reglamento de Organización y Funciones de la UNAJ              ','Resoluciones ','Resoluciones','Media','ROF','Publica','Soporte: Papel( X ) Medios Electronicos ( X ) Otros (  )','2024-04-01','2024-04-23 16:05:40',1),(199,'UNIVERSIDAD NACIONAL DE JULIACA - UNAJ',16,'OFICINA DE TECNOLOGÍAS DE LA INFORMACION','34','OTI/07','Informes técnicos','P',5,25,30,'Ley Universitaria Nª 30220, Resolución N° 272-2018-CCO-UNAJ - Reglamento de Organización y Funciones de la UNAJ              ','Documentos con información de los bienes informáticos de la UNAJ. Dan respuesta a un servicio requerido, conformidad','Informes, carta, especificaciones del bien o servicio','Media','ROF','Publica','Soporte: Papel( X ) Medios Electronicos ( X ) Otros (  )','2024-04-01','2024-04-23 16:19:55',1),(200,'UNIVERSIDAD NACIONAL DE JULIACA - UNAJ',16,'OFICINA DE TECNOLOGÍAS DE LA INFORMACION','34','OTI/08','Hojas de Cargo de Bienes','T',3,5,8,'Ley Universitaria Nª 30220, Resolución N° 272-2018-CCO-UNAJ - Reglamento de Organización y Funciones de la UNAJ              ','Presenta un inventario de los bienes informáticos que administra la OTI.  En base a esta documentación, se atienden a las solicitudes de las oficinas, que contempla, instalación, reemplazo de los equipos requeridos.','Inventario','Alta','ROF','Publica','Soporte: Papel( X ) Medios Electronicos (  ) Otros (  )','2024-04-01','2024-04-23 16:23:45',1),(201,'UNIVERSIDAD NACIONAL DE JULIACA - UNAJ',16,'OFICINA DE TECNOLOGÍAS DE LA INFORMACION','34','OTI/09','Correspondencia','T',3,3,6,'Ley Universitaria Nª 30220, Resolución N° 272-2018-CCO-UNAJ - Reglamento de Organización y Funciones de la UNAJ              ','Documentación interna o externa, que se emite o recibe, en cumplimiento de las funciones establecidas en las normas generales y las internas (ROF)','Memorandum, informes, cartas, oficios, etc.','Media','D.S. N° 054-2018-PCM.  ROF UNAJ','Publica','Soporte: Papel( X ) Medios Electronicos ( X ) Otros (  )','2024-04-01','2024-04-23 15:28:20',1),(202,'UNIVERSIDAD NACIONAL DE JULIACA - UNAJ',16,'OFICINA DE TECNOLOGÍAS DE LA INFORMACION','34','OTI-DIG/10','BACKUP base de datos','P',10,20,30,'Ley Universitaria Nª 30220, Resolución N° 272-2018-CCO-UNAJ - Reglamento de Organización y Funciones de la UNAJ              ','Copias de seguridad de las bases de datos. Se generan cada 15 dias y mensualmente.','Backup','Alta','ROF','Publica','Soporte: Papel(  ) Medios Electronicos ( X ) Otros (  )','2024-04-01','2024-04-23 16:25:51',1),(203,'UNIVERSIDAD NACIONAL DE JULIACA - UNAJ',16,'OFICINA DE TECNOLOGÍAS DE LA INFORMACION','34','OTI-DIG/11','Código fuente de sistemas','',0,0,0,'Ley Universitaria Nª 30220, Resolución N° 272-2018-CCO-UNAJ - Reglamento de Organización y Funciones de la UNAJ','','','4','','','','2024-04-01','2024-04-01 00:00:00',0),(204,'UNIVERSIDAD NACIONAL DE JULIACA - UNAJ',16,'OFICINA DE TECNOLOGÍAS DE LA INFORMACION','34','OTI-DIG/12','Licencias','',0,0,0,'Ley Universitaria Nª 30220, Resolución N° 272-2018-CCO-UNAJ - Reglamento de Organización y Funciones de la UNAJ','','','4','','','','2024-04-01','2024-04-01 00:00:00',0),(205,'UNIVERSIDAD NACIONAL DE JULIACA - UNAJ',16,'OFICINA DE TECNOLOGÍAS DE LA INFORMACION','34','OTI-DIG/13','Mesa de ayuda (virtual)','',0,0,0,'Ley Universitaria Nª 30220, Resolución N° 272-2018-CCO-UNAJ - Reglamento de Organización y Funciones de la UNAJ','','','4','','','','2024-04-01','2024-04-01 00:00:00',0),(206,'UNIVERSIDAD NACIONAL DE JULIACA - UNAJ',16,'OFICINA DE TECNOLOGÍAS DE LA INFORMACION','34','OTI-DIG/14','Repositorio digital','',0,0,0,'Ley Universitaria Nª 30220, Resolución N° 272-2018-CCO-UNAJ - Reglamento de Organización y Funciones de la UNAJ','','','4','','','','2024-04-01','2024-04-01 00:00:00',0),(207,'UNIVERSIDAD NACIONAL DE JULIACA - UNAJ',16,'OFICINA DE TECNOLOGÍAS DE LA INFORMACION','34','OTI-DIG/15','Documentación ','',0,0,0,'Ley Universitaria Nª 30220, Resolución N° 272-2018-CCO-UNAJ - Reglamento de Organización y Funciones de la UNAJ','','','4','','','','2024-04-01','2024-04-01 00:00:00',0),(208,'UNIVERSIDAD NACIONAL DE JULIACA - UNAJ',16,'OFICINA DE TECNOLOGÍAS DE LA INFORMACION','34','OTI-DIG/16','Diccionario de datos','',0,0,0,'Ley Universitaria Nª 30220, Resolución N° 272-2018-CCO-UNAJ - Reglamento de Organización y Funciones de la UNAJ','','','4','','','','2024-04-01','2024-04-01 00:00:00',0),(209,'UNIVERSIDAD NACIONAL DE JULIACA - UNAJ',17,'SECRETARIA GENERAL','35','SG/01','Resoluciones de Consejo de Comisión','P',3,27,30,'Ley Universitaria Nª 30220\r\nResolución N° 192-2021-CCO-UNAJ - Reglamento de Organización y Funciones de la UNAJ      \r\nEstatuto 27444\r\n                      ','Es un acto administrativo emitidos en función a los acuerdos tomados por el consejo de comisión organizadora de la UNAJ, que contiene la decisión sobre diferentes temas administrativos, académicos y de otra índole, cuya finalidad es de disponer las acciones, sobre cada proceso o acto administrativo de forma particular.','Cartas, oficios, informes, solicitudes, tesis, proveídos, informes técnicos, hojas de tramite, planes, material multitudinaria, planes de trabajo, memorial, memorandum, contratos, actas, reglamentos, directivas, políticas, informes jurídicos','Alta','Resolución N° 192-2021-CCO-UNAJ - Reglamento de Organización y Funciones de la UNAJ','Publica','Soporte: Papel( X ) Medios Electronicos ( X ) Otros (  )','2024-04-01','2024-04-24 16:22:31',1),(210,'UNIVERSIDAD NACIONAL DE JULIACA - UNAJ',17,'SECRETARIA GENERAL','35','SG/02','Resoluciones Presidenciales','P',3,27,30,'Resolución N° 192-2021-CCO-UNAJ - Reglamento de Organización y Funciones de la UNAJ                                        ','Es un acto administrativo emitidos por disposición del titular del pliego de la UNAJ, que contiene la decisión sobre diferentes temas administrativos, cuya finalidad es de disponer las acciones, sobre cada proceso o acto administrativo de forma particular.','Cartas, oficios, informes, solicitudes, proveídos, informes técnicos, hojas de tramite, planes, material multimedia, planes de trabajo, memorandum, contratos, actas, reglamentos, directivas, políticas, informes jurídicos','Alta','Resolución N° 192-2021-CCO-UNAJ - Reglamento de Organización y Funciones de la UNAJ   ','Publica','Soporte: Papel( X ) Medios Electronicos (  ) Otros (  )','2024-04-01','2024-04-24 16:33:31',1),(211,'UNIVERSIDAD NACIONAL DE JULIACA - UNAJ',17,'SECRETARIA GENERAL','35','SG/03','Decretos presidenciales','P',3,27,30,'Resolución N° 192-2021-CCO-UNAJ - Reglamento de Organización y Funciones de la UNAJ              ','Es un acto administrativo que tiene por finalidad dar un tramite a cuestiones de orden puntual.','Informes, informes técnicos, informes jurídicos, solicitud','Alta','Resolución N° 192-2021-CCO-UNAJ - Reglamento de Organización y Funciones de la UNAJ   ','Publica','Soporte: Papel( X ) Medios Electronicos (  ) Otros (  )','2024-04-01','2024-04-24 16:33:17',1),(212,'UNIVERSIDAD NACIONAL DE JULIACA - UNAJ',17,'SECRETARIA GENERAL','35','SG/04','Libro de actas','P',2,28,30,'Resolución N° 192-2021-CCO-UNAJ - Reglamento de Organización y Funciones de la UNAJ','Es un documento administrativo que contiene las actas de sesiones ordinarias y extraordinarias, el mismo que presenta los acuerdos tomados en dichas sesiones.','Actas','Alta','Resolución N° 192-2021-CCO-UNAJ - Reglamento de Organización y Funciones de la UNAJ','Publica','Soporte: Papel( X ) Medios Electronicos ( X ) Otros (  )','2024-04-01','2024-04-24 16:36:40',1),(213,'UNIVERSIDAD NACIONAL DE JULIACA - UNAJ',17,'SECRETARIA GENERAL','35','SG/05','Libro de Actas de sesiones de Consejo Universitario','P',2,28,30,'Ley Universitaria Nª 30220, Resolución N° 272-2018-CCO-UNAJ - Reglamento de Organización y Funciones de la UNAJ','','','4','','','','2024-04-01','2024-04-01 00:00:00',0),(214,'UNIVERSIDAD NACIONAL DE JULIACA - UNAJ',17,'SECRETARIA GENERAL','35','SG/06','Concurso publico de nombramiento','T',1,2,3,'Ley Universitaria Nª 30220, Resolución N° 272-2018-CCO-UNAJ - Reglamento de Organización y Funciones de la UNAJ','','','4','','','','2024-04-01','2024-04-01 00:00:00',0),(215,'UNIVERSIDAD NACIONAL DE JULIACA - UNAJ',17,'SECRETARIA GENERAL','35','SG/07','Cuadernos de registro','P',3,27,30,'Ley Universitaria Nª 30220, Resolución N° 272-2018-CCO-UNAJ - Reglamento de Organización y Funciones de la UNAJ','','','4','','','','2024-04-01','2024-04-01 00:00:00',0),(216,'UNIVERSIDAD NACIONAL DE JULIACA - UNAJ',17,'SECRETARIA GENERAL','35','SG/08','Correspondencia','T',2,3,5,'Resolución N° 192-2021-CCO-UNAJ - Reglamento de Organización y Funciones de la UNAJ','Documentación interna o externa, que se emite o recibe, en cumplimiento de las funciones establecidas en las normas generales y las internas (ROF)','Memorandum, informes, cartas, oficios, etc.','Alta','Resolución N° 192-2021-CCO-UNAJ - Reglamento de Organización y Funciones de la UNAJ','Publica','Soporte: Papel( X ) Medios Electronicos ( X ) Otros (  )','2024-04-01','2024-04-24 16:41:55',1),(217,'UNIVERSIDAD NACIONAL DE JULIACA - UNAJ',17,'SECRETARIA GENERAL','35','SG-MP/09','Cuadernos de registro de documentos externos','P',2,28,30,'Ley Universitaria Nª 30220, Resolución N° 272-2018-CCO-UNAJ - Reglamento de Organización y Funciones de la UNAJ','','','4','','','','2024-04-01','2024-04-01 00:00:00',0),(218,'UNIVERSIDAD NACIONAL DE JULIACA - UNAJ',17,'SECRETARIA GENERAL','35','SG-MP/10','Correspondencia','T',1,4,5,'Ley Universitaria Nª 30220, Resolución N° 272-2018-CCO-UNAJ - Reglamento de Organización y Funciones de la UNAJ','Documentación interna o externa, que se emite o recibe, en cumplimiento de las funciones establecidas en las normas generales y las internas (ROF)','Memorandum, informes, cartas, oficios, etc.','Media','D.S. N° 054-2018-PCM.  ROF UNAJ','Pública','','2024-04-01','2024-04-01 00:00:00',0),(219,'UNIVERSIDAD NACIONAL DE JULIACA - UNAJ',3,'PRESIDENCIA DE COMISION ORGANIZADORA','21','GRTI/01','Expedientes de grado de Bachiller de la Escuela profesional de Gestión pública y Desarrollo Social','P',3,27,30,'Resolución N° 192-2021-CCO-UNAJ - Reglamento de Organización y Funciones de la UNAJ','','','Alta','','Publica','Soporte: Papel( X ) Medios Electronicos (  ) Otros (  )','2024-04-01','2024-04-24 16:44:43',0),(220,'UNIVERSIDAD NACIONAL DE JULIACA - UNAJ',3,'PRESIDENCIA DE COMISION ORGANIZADORA','21','GRTI/02','Expedientes de grado de Bachiller de la Escuela profesional de Ingeniería Textil y de Confecciones','P',3,27,30,'Ley Universitaria Nª 30220, Resolución N° 272-2018-CCO-UNAJ - Reglamento de Organización y Funciones de la UNAJ','','','4','','','','2024-04-01','2024-04-01 00:00:00',0),(221,'UNIVERSIDAD NACIONAL DE JULIACA - UNAJ',3,'PRESIDENCIA DE COMISION ORGANIZADORA','21','GRTI/03','Expedientes de grado de Bachiller de la Escuela profesional de Ingeniería Ambiental y Forestal','P',3,27,30,'Ley Universitaria Nª 30220, Resolución N° 272-2018-CCO-UNAJ - Reglamento de Organización y Funciones de la UNAJ','','','4','','','','2024-04-01','2024-04-01 00:00:00',0),(222,'UNIVERSIDAD NACIONAL DE JULIACA - UNAJ',3,'PRESIDENCIA DE COMISION ORGANIZADORA','21','GRTI/04','Expedientes de grado de Bachiller de la Escuela profesional de Ingeniería en Energías Renovables','P',3,27,30,'Ley Universitaria Nª 30220, Resolución N° 272-2018-CCO-UNAJ - Reglamento de Organización y Funciones de la UNAJ','','','4','','','','2024-04-01','2024-04-01 00:00:00',0),(223,'UNIVERSIDAD NACIONAL DE JULIACA - UNAJ',3,'PRESIDENCIA DE COMISION ORGANIZADORA','21','GRTI/05','Expedientes de grado de Bachiller de la Escuela profesional de Ingeniería Industrias Alimentarias','P',3,27,30,'Ley Universitaria Nª 30220, Resolución N° 272-2018-CCO-UNAJ - Reglamento de Organización y Funciones de la UNAJ','','','4','','','','2024-04-01','2024-04-01 00:00:00',0),(224,'UNIVERSIDAD NACIONAL DE JULIACA - UNAJ',3,'PRESIDENCIA DE COMISION ORGANIZADORA','21','GRTI/06','Expedientes de grado de Bachiller de la Escuela profesional de Ingeniería Industrial','P',3,27,30,'Ley Universitaria Nª 30220, Resolución N° 272-2018-CCO-UNAJ - Reglamento de Organización y Funciones de la UNAJ','','','4','','','','2024-04-01','2024-04-01 00:00:00',0),(225,'UNIVERSIDAD NACIONAL DE JULIACA - UNAJ',3,'PRESIDENCIA DE COMISION ORGANIZADORA','21','GRTI/07','Expedientes de grado de Bachiller de la Escuela profesional de Ingeniería de Software y Sistemas','P',3,27,30,'Ley Universitaria Nª 30220, Resolución N° 272-2018-CCO-UNAJ - Reglamento de Organización y Funciones de la UNAJ','','','4','','','','2024-04-01','2024-04-01 00:00:00',0),(226,'UNIVERSIDAD NACIONAL DE JULIACA - UNAJ',3,'PRESIDENCIA DE COMISION ORGANIZADORA','21','GRTI/08','Expedientes de grado de Bachiller de la Escuela profesional de Ingeniería Mecatrónica ','P',3,27,30,'Ley Universitaria Nª 30220, Resolución N° 272-2018-CCO-UNAJ - Reglamento de Organización y Funciones de la UNAJ','','','4','','','','2024-04-01','2024-04-01 00:00:00',0),(227,'UNIVERSIDAD NACIONAL DE JULIACA - UNAJ',3,'PRESIDENCIA DE COMISION ORGANIZADORA','21','GRTI/09','Expedientes de grado de Bachiller de la Escuela profesional de Economía','P',3,27,30,'Ley Universitaria Nª 30220, Resolución N° 272-2018-CCO-UNAJ - Reglamento de Organización y Funciones de la UNAJ','','','4','','','','2024-04-01','2024-04-01 00:00:00',0),(228,'UNIVERSIDAD NACIONAL DE JULIACA - UNAJ',3,'PRESIDENCIA DE COMISION ORGANIZADORA','21','GRTI/10','Expedientes de grado de Bachiller de la Escuela profesional de Administración y Emprendimiento Empresarial','P',3,27,30,'Ley Universitaria Nª 30220, Resolución N° 272-2018-CCO-UNAJ - Reglamento de Organización y Funciones de la UNAJ','','','4','','','','2024-04-01','2024-04-01 00:00:00',0),(229,'UNIVERSIDAD NACIONAL DE JULIACA - UNAJ',3,'PRESIDENCIA DE COMISION ORGANIZADORA','21','GRTI/11','Expediente de Títulos','P',3,27,30,'Ley Universitaria Nª 30220, Resolución N° 272-2018-CCO-UNAJ - Reglamento de Organización y Funciones de la UNAJ','','','4','','','','2024-04-01','2024-04-01 00:00:00',0),(230,'UNIVERSIDAD NACIONAL DE JULIACA - UNAJ',3,'PRESIDENCIA DE COMISION ORGANIZADORA','21','GRTI/12','Registro de titulo profesional (Varias carreras)','P',10,20,30,'Ley Universitaria Nª 30220, Resolución N° 272-2018-CCO-UNAJ - Reglamento de Organización y Funciones de la UNAJ','','','4','','','','2024-04-01','2024-04-01 00:00:00',0),(231,'UNIVERSIDAD NACIONAL DE JULIACA - UNAJ',3,'PRESIDENCIA DE COMISION ORGANIZADORA','21','GRTI/13','Registro de Grado de bachiller (Varias carreras)','P',10,20,30,'Ley Universitaria Nª 30220, Resolución N° 272-2018-CCO-UNAJ - Reglamento de Organización y Funciones de la UNAJ','','','4','','','','2024-04-01','2024-04-01 00:00:00',0),(232,'UNIVERSIDAD NACIONAL DE JULIACA - UNAJ',3,'PRESIDENCIA DE COMISION ORGANIZADORA','21','GRTI/14','Tesis','P',2,28,30,'Ley Universitaria Nª 30220, Resolución N° 272-2018-CCO-UNAJ - Reglamento de Organización y Funciones de la UNAJ','','','4','','','','2024-04-01','2024-04-01 00:00:00',0),(233,'UNIVERSIDAD NACIONAL DE JULIACA - UNAJ',3,'PRESIDENCIA DE COMISION ORGANIZADORA','21','GRTI/15','Correspondencia','T',3,2,5,'Ley Universitaria Nª 30220, Resolución N° 272-2018-CCO-UNAJ - Reglamento de Organización y Funciones de la UNAJ','Documentación interna o externa, que se emite o recibe, en cumplimiento de las funciones establecidas en las normas generales y las internas (ROF)','Memorandum, informes, cartas, oficios, etc.','Media','D.S. N° 054-2018-PCM.  ROF UNAJ','Pública','','2024-04-01','2024-04-01 00:00:00',0),(234,'UNIVERSIDAD NACIONAL DE JULIACA - UNAJ',18,'ARCHIVO CENTRAL','36','AC/01','Plan Anual de trabajo Archivístico (PATA)','P',2,28,30,'Ley Universitaria Nª 30220, Resolución N° 272-2018-CCO-UNAJ - Reglamento de Organización y Funciones de la UNAJ','','','4','','','','2024-04-01','2024-04-01 00:00:00',0),(235,'UNIVERSIDAD NACIONAL DE JULIACA - UNAJ',18,'ARCHIVO CENTRAL','36','AC/02','Instrumentos de gestión','P',2,28,30,'Ley Universitaria Nª 30220, Resolución N° 272-2018-CCO-UNAJ - Reglamento de Organización y Funciones de la UNAJ','','','4','','','','2024-04-01','2024-04-01 00:00:00',0),(236,'UNIVERSIDAD NACIONAL DE JULIACA - UNAJ',18,'ARCHIVO CENTRAL','36','AC/03','Documentos del CED','P',2,28,30,'Ley Universitaria Nª 30220, Resolución N° 272-2018-CCO-UNAJ - Reglamento de Organización y Funciones de la UNAJ','','','4','','','','2024-04-01','2024-04-01 00:00:00',0),(237,'UNIVERSIDAD NACIONAL DE JULIACA - UNAJ',18,'ARCHIVO CENTRAL','36','AC/04','Documentos de Transferencia','P',2,28,30,'Ley Universitaria Nª 30220, Resolución N° 272-2018-CCO-UNAJ - Reglamento de Organización y Funciones de la UNAJ','','','4','','','','2024-04-01','2024-04-01 00:00:00',0),(238,'UNIVERSIDAD NACIONAL DE JULIACA - UNAJ',18,'ARCHIVO CENTRAL','36','AC/05','Expedientes de Eliminación','P',2,28,30,'Ley Universitaria Nª 30220, Resolución N° 272-2018-CCO-UNAJ - Reglamento de Organización y Funciones de la UNAJ','','','4','','','','2024-04-01','2024-04-01 00:00:00',0),(239,'UNIVERSIDAD NACIONAL DE JULIACA - UNAJ',18,'ARCHIVO CENTRAL','36','AC/06','Inventarios','P',2,28,30,'Ley Universitaria Nª 30220, Resolución N° 272-2018-CCO-UNAJ - Reglamento de Organización y Funciones de la UNAJ','','','4','','','','2024-04-01','2024-04-01 00:00:00',0),(240,'UNIVERSIDAD NACIONAL DE JULIACA - UNAJ',18,'ARCHIVO CENTRAL','36','AC/07','Catálogos','P',2,28,30,'Ley Universitaria Nª 30220, Resolución N° 272-2018-CCO-UNAJ - Reglamento de Organización y Funciones de la UNAJ','','','4','','','','2024-04-01','2024-04-01 00:00:00',0),(241,'UNIVERSIDAD NACIONAL DE JULIACA - UNAJ',18,'ARCHIVO CENTRAL','36','AC/08','Fichas de evaluación de documentos','P',2,28,30,'Ley Universitaria Nª 30220, Resolución N° 272-2018-CCO-UNAJ - Reglamento de Organización y Funciones de la UNAJ','','','4','','','','2024-04-01','2024-04-01 00:00:00',0),(242,'UNIVERSIDAD NACIONAL DE JULIACA - UNAJ',18,'ARCHIVO CENTRAL','36','AC/09','Programa de Control de Documentos (PCDA)','P',2,28,30,'Ley Universitaria Nª 30220, Resolución N° 272-2018-CCO-UNAJ - Reglamento de Organización y Funciones de la UNAJ','','','4','','','','2024-04-01','2024-04-01 00:00:00',0),(243,'UNIVERSIDAD NACIONAL DE JULIACA - UNAJ',18,'ARCHIVO CENTRAL','36','AC/10','Manuales','P',2,28,30,'Ley Universitaria Nª 30220, Resolución N° 272-2018-CCO-UNAJ - Reglamento de Organización y Funciones de la UNAJ','','','4','','','','2024-04-01','2024-04-01 00:00:00',0),(244,'UNIVERSIDAD NACIONAL DE JULIACA - UNAJ',18,'ARCHIVO CENTRAL','36','AC/11','Actas','P',2,28,30,'Ley Universitaria Nª 30220, Resolución N° 272-2018-CCO-UNAJ - Reglamento de Organización y Funciones de la UNAJ','','','4','','','','2024-04-01','2024-04-01 00:00:00',0),(245,'UNIVERSIDAD NACIONAL DE JULIACA - UNAJ',18,'ARCHIVO CENTRAL','36','AC/12','Fichas Técnicas de series Documentales (FTSD)','P',2,28,30,'Ley Universitaria Nª 30220, Resolución N° 272-2018-CCO-UNAJ - Reglamento de Organización y Funciones de la UNAJ','','','4','','','','2024-04-01','2024-04-01 00:00:00',0),(246,'UNIVERSIDAD NACIONAL DE JULIACA - UNAJ',18,'ARCHIVO CENTRAL','36','AC/16','Cuaderno de registro','P',2,28,30,'Ley Universitaria Nª 30220, Resolución N° 272-2018-CCO-UNAJ - Reglamento de Organización y Funciones de la UNAJ','','','4','','','','2024-04-01','2024-04-01 00:00:00',0),(247,'UNIVERSIDAD NACIONAL DE JULIACA - UNAJ',18,'ARCHIVO CENTRAL','36','AC/17','Correspondencia','T',2,3,5,'Ley Universitaria Nª 30220, Resolución N° 272-2018-CCO-UNAJ - Reglamento de Organización y Funciones de la UNAJ','Documentación interna o externa, que se emite o recibe, en cumplimiento de las funciones establecidas en las normas generales y las internas (ROF)','Memorandum, informes, cartas, oficios, etc.','Media','D.S. N° 054-2018-PCM.  ROF UNAJ','Pública','','2024-04-01','2024-04-01 00:00:00',0),(248,'UNIVERSIDAD NACIONAL DE JULIACA - UNAJ',19,'CONSEJO DE FACULTAD','0','COFA/01','FALTA','',0,0,0,'Ley Universitaria Nª 30220, Resolución N° 272-2018-CCO-UNAJ - Reglamento de Organización y Funciones de la UNAJ','','','4','','','','2024-04-01','2024-04-01 00:00:00',0),(249,'UNIVERSIDAD NACIONAL DE JULIACA - UNAJ',20,'DECANATO','38','DECA/01','FALTA','',0,0,0,'Ley Universitaria Nª 30220, Resolución N° 272-2018-CCO-UNAJ - Reglamento de Organización y Funciones de la UNAJ','','','4','','','','2024-04-01','2024-04-01 00:00:00',0),(250,'UNIVERSIDAD NACIONAL DE JULIACA - UNAJ',20,'DECANATO','38','DECA-DEAC/10','FALTA','',0,0,0,'Ley Universitaria Nª 30220, Resolución N° 272-2018-CCO-UNAJ - Reglamento de Organización y Funciones de la UNAJ','','','4','','','','2024-04-01','2024-04-01 00:00:00',0),(251,'UNIVERSIDAD NACIONAL DE JULIACA - UNAJ',20,'DECANATO','38','DECA-EP/20','Estructuras curriculares','P',10,20,30,'Ley Universitaria Nª 30220, Resolución N° 272-2018-CCO-UNAJ - Reglamento de Organización y Funciones de la UNAJ','','','4','','','','2024-04-01','2024-04-01 00:00:00',0),(252,'UNIVERSIDAD NACIONAL DE JULIACA - UNAJ',20,'DECANATO','38','DECA-EP/21','Silabus','P',3,27,30,'Ley Universitaria Nª 30220, Resolución N° 272-2018-CCO-UNAJ - Reglamento de Organización y Funciones de la UNAJ','','','4','','','','2024-04-01','2024-04-01 00:00:00',0),(253,'UNIVERSIDAD NACIONAL DE JULIACA - UNAJ',20,'DECANATO','38','DECA-EP/22','Informes de practica','T',1,4,5,'Ley Universitaria Nª 30220, Resolución N° 272-2018-CCO-UNAJ - Reglamento de Organización y Funciones de la UNAJ','','','4','','','','2024-04-01','2024-04-01 00:00:00',0),(254,'UNIVERSIDAD NACIONAL DE JULIACA - UNAJ',20,'DECANATO','38','DECA-EP/23','Partes de asistencia','T',1,4,5,'Ley Universitaria Nª 30220, Resolución N° 272-2018-CCO-UNAJ - Reglamento de Organización y Funciones de la UNAJ','','','4','','','','2024-04-01','2024-04-01 00:00:00',0),(255,'UNIVERSIDAD NACIONAL DE JULIACA - UNAJ',20,'DECANATO','38','DECA-EP/24','Carpetas de docentes','P',10,20,30,'Ley Universitaria Nª 30220, Resolución N° 272-2018-CCO-UNAJ - Reglamento de Organización y Funciones de la UNAJ','','','4','','','','2024-04-01','2024-04-01 00:00:00',0),(256,'UNIVERSIDAD NACIONAL DE JULIACA - UNAJ',20,'DECANATO','38','DECA-EP/25','Correspondencia','T',2,3,5,'Ley Universitaria Nª 30220, Resolución N° 272-2018-CCO-UNAJ - Reglamento de Organización y Funciones de la UNAJ','Documentación interna o externa, que se emite o recibe, en cumplimiento de las funciones establecidas en las normas generales y las internas (ROF)','Memorandum, informes, cartas, oficios, etc.','Media','D.S. N° 054-2018-PCM.  ROF UNAJ','Pública','','2024-04-01','2024-04-01 00:00:00',0),(257,'UNIVERSIDAD NACIONAL DE JULIACA - UNAJ',20,'DECANATO','38','DECA-UI/30','Actas de sustentación','P',5,25,30,'Ley Universitaria Nª 30220, Resolución N° 272-2018-CCO-UNAJ - Reglamento de Organización y Funciones de la UNAJ','','','4','','','','2024-04-01','2024-04-01 00:00:00',0),(258,'UNIVERSIDAD NACIONAL DE JULIACA - UNAJ',20,'DECANATO','38','DECA-UI/31','Dictámenes','T',2,3,5,'Ley Universitaria Nª 30220, Resolución N° 272-2018-CCO-UNAJ - Reglamento de Organización y Funciones de la UNAJ','','','4','','','','2024-04-01','2024-04-01 00:00:00',0),(259,'UNIVERSIDAD NACIONAL DE JULIACA - UNAJ',20,'DECANATO','38','DECA-UI/32','Investigación formativa','P',2,28,30,'Ley Universitaria Nª 30220, Resolución N° 272-2018-CCO-UNAJ - Reglamento de Organización y Funciones de la UNAJ','','','4','','','','2024-04-01','2024-04-01 00:00:00',0),(260,'UNIVERSIDAD NACIONAL DE JULIACA - UNAJ',20,'DECANATO','38','DECA-UI/33','Correspondencia','T',2,3,5,'Ley Universitaria Nª 30220, Resolución N° 272-2018-CCO-UNAJ - Reglamento de Organización y Funciones de la UNAJ','Documentación interna o externa, que se emite o recibe, en cumplimiento de las funciones establecidas en las normas generales y las internas (ROF)','Memorandum, informes, cartas, oficios, etc.','Media','D.S. N° 054-2018-PCM.  ROF UNAJ','Pública','','2024-04-01','2024-04-01 00:00:00',0),(261,'UNIVERSIDAD NACIONAL DE JULIACA - UNAJ',20,'DECANATO','38','DECA-UP/40','FALTA','',0,0,0,'Ley Universitaria Nª 30220, Resolución N° 272-2018-CCO-UNAJ - Reglamento de Organización y Funciones de la UNAJ','','','4','','','','2024-04-01','2024-04-01 00:00:00',0),(262,'UNIVERSIDAD NACIONAL DE JULIACA - UNAJ',21,'PRESIDENCIA DE COMISION ORGANIZADORA','22','POST/01','FALTA','',0,0,0,'Ley Universitaria Nª 30220, Resolución N° 272-2018-CCO-UNAJ - Reglamento de Organización y Funciones de la UNAJ','','','4','','','','2024-04-01','2024-04-01 00:00:00',0),(263,'UNIVERSIDAD NACIONAL DE JULIACA - UNAJ',22,'DIRECCION DE PROYECCION SOCIAL Y EXTENSION CULTURAL','39','DPSEC/01','Politicas, reglamentos y normas','P',3,27,30,'Ley Universitaria Nª 30220, Resolución N° 272-2018-CCO-UNAJ - Reglamento de Organización y Funciones de la UNAJ','','','4','','','','2024-04-01','2024-04-01 00:00:00',0),(264,'UNIVERSIDAD NACIONAL DE JULIACA - UNAJ',23,'DIRECCION DE PROYECCION SOCIAL Y EXTENSION CULTURAL','39','DPSEC/02','Proyectos y/o planes de proyección social','T',1,4,5,'Ley Universitaria Nª 30220, Resolución N° 272-2018-CCO-UNAJ - Reglamento de Organización y Funciones de la UNAJ','','','4','','','','2024-04-01','2024-04-01 00:00:00',0),(265,'UNIVERSIDAD NACIONAL DE JULIACA - UNAJ',24,'DIRECCION DE PROYECCION SOCIAL Y EXTENSION CULTURAL','39','DPSEC/03','Planes de trabajo','T',1,4,5,'Ley Universitaria Nª 30220, Resolución N° 272-2018-CCO-UNAJ - Reglamento de Organización y Funciones de la UNAJ','','','4','','','','2024-04-01','2024-04-01 00:00:00',0),(266,'UNIVERSIDAD NACIONAL DE JULIACA - UNAJ',25,'DIRECCION DE PROYECCION SOCIAL Y EXTENSION CULTURAL','39','DPSEC/04','Informes finales de proyección social','P',1,29,30,'Ley Universitaria Nª 30220, Resolución N° 272-2018-CCO-UNAJ - Reglamento de Organización y Funciones de la UNAJ','','','4','','','','2024-04-01','2024-04-01 00:00:00',0),(267,'UNIVERSIDAD NACIONAL DE JULIACA - UNAJ',26,'DIRECCION DE PROYECCION SOCIAL Y EXTENSION CULTURAL','39','DPSEC/05','Plan Anual','P',1,29,30,'Ley Universitaria Nª 30220, Resolución N° 272-2018-CCO-UNAJ - Reglamento de Organización y Funciones de la UNAJ','','','4','','','','2024-04-01','2024-04-01 00:00:00',0),(268,'UNIVERSIDAD NACIONAL DE JULIACA - UNAJ',27,'DIRECCION DE PROYECCION SOCIAL Y EXTENSION CULTURAL','39','DPSEC/06','Expediente de actividades anuales','P',1,29,30,'Ley Universitaria Nª 30220, Resolución N° 272-2018-CCO-UNAJ - Reglamento de Organización y Funciones de la UNAJ','','','4','','','','2024-04-01','2024-04-01 00:00:00',0),(269,'UNIVERSIDAD NACIONAL DE JULIACA - UNAJ',28,'DIRECCION DE PROYECCION SOCIAL Y EXTENSION CULTURAL','39','DPSEC/07','Expediente de conformación de centro cultural artistico','P',1,29,30,'Ley Universitaria Nª 30220, Resolución N° 272-2018-CCO-UNAJ - Reglamento de Organización y Funciones de la UNAJ','','','4','','','','2024-04-01','2024-04-01 00:00:00',0),(270,'UNIVERSIDAD NACIONAL DE JULIACA - UNAJ',29,'DIRECCION DE PROYECCION SOCIAL Y EXTENSION CULTURAL','39','DPSEC/08','Programas de gestión ambiental','P',3,27,30,'Ley Universitaria Nª 30220, Resolución N° 272-2018-CCO-UNAJ - Reglamento de Organización y Funciones de la UNAJ','','','4','','','','2024-04-01','2024-04-01 00:00:00',0),(271,'UNIVERSIDAD NACIONAL DE JULIACA - UNAJ',30,'DIRECCION DE PROYECCION SOCIAL Y EXTENSION CULTURAL','39','DPSEC/09','Programa de desarrollo y convervación','P',3,27,30,'Ley Universitaria Nª 30220, Resolución N° 272-2018-CCO-UNAJ - Reglamento de Organización y Funciones de la UNAJ','','','4','','','','2024-04-01','2024-04-01 00:00:00',0),(272,'UNIVERSIDAD NACIONAL DE JULIACA - UNAJ',31,'DIRECCION DE PROYECCION SOCIAL Y EXTENSION CULTURAL','39','DPSEC/10','Correspondencia','T',1,4,5,'Ley Universitaria Nª 30220, Resolución N° 272-2018-CCO-UNAJ - Reglamento de Organización y Funciones de la UNAJ','Documentación interna o externa, que se emite o recibe, en cumplimiento de las funciones establecidas en las normas generales y las internas (ROF)','Memorandum, informes, cartas, oficios, etc.','Media','D.S. N° 054-2018-PCM.  ROF UNAJ','Pública','','2024-04-01','2024-04-01 00:00:00',0),(273,'UNIVERSIDAD NACIONAL DE JULIACA - UNAJ',23,'DIRECCION DE BIENESTAR UNIVERSITARIO','40','DBU/01','Reglamentos, directivas, Lineamientos','P',3,27,30,'Ley Universitaria Nª 30220, Resolución N° 272-2018-CCO-UNAJ - Reglamento de Organización y Funciones de la UNAJ','','','4','','','','2024-04-01','2024-04-01 00:00:00',0),(274,'UNIVERSIDAD NACIONAL DE JULIACA - UNAJ',23,'DIRECCION DE BIENESTAR UNIVERSITARIO','40','DBU/02','Correspondencia','T',1,4,5,'Ley Universitaria Nª 30220, Resolución N° 272-2018-CCO-UNAJ - Reglamento de Organización y Funciones de la UNAJ','Documentación interna o externa, que se emite o recibe, en cumplimiento de las funciones establecidas en las normas generales y las internas (ROF)','Memorandum, informes, cartas, oficios, etc.','Media','D.S. N° 054-2018-PCM.  ROF UNAJ','Pública','','2024-04-01','2024-04-01 00:00:00',0),(275,'UNIVERSIDAD NACIONAL DE JULIACA - UNAJ',23,'DIRECCION DE BIENESTAR UNIVERSITARIO','41','DBU-BIBLIO/03','Libros','P',5,25,30,'Ley Universitaria Nª 30220, Resolución N° 272-2018-CCO-UNAJ - Reglamento de Organización y Funciones de la UNAJ','','','4','','','','2024-04-01','2024-04-01 00:00:00',0),(276,'UNIVERSIDAD NACIONAL DE JULIACA - UNAJ',23,'DIRECCION DE BIENESTAR UNIVERSITARIO','41','DBU-BIBLIO/04','Reglamento','P',5,25,30,'Ley Universitaria Nª 30220, Resolución N° 272-2018-CCO-UNAJ - Reglamento de Organización y Funciones de la UNAJ','','','4','','','','2024-04-01','2024-04-01 00:00:00',0),(277,'UNIVERSIDAD NACIONAL DE JULIACA - UNAJ',23,'DIRECCION DE BIENESTAR UNIVERSITARIO','41','DBU-BIBLIO/05','Correspondencia','T',2,3,5,'Ley Universitaria Nª 30220, Resolución N° 272-2018-CCO-UNAJ - Reglamento de Organización y Funciones de la UNAJ','Documentación interna o externa, que se emite o recibe, en cumplimiento de las funciones establecidas en las normas generales y las internas (ROF)','Memorandum, informes, cartas, oficios, etc.','Media','D.S. N° 054-2018-PCM.  ROF UNAJ','Pública','','2024-04-01','2024-04-01 00:00:00',0),(278,'UNIVERSIDAD NACIONAL DE JULIACA - UNAJ',23,'DIRECCION DE BIENESTAR UNIVERSITARIO','42','DBU-PSICO/06','Fichas Psicológicas de estudiantes','T',5,5,10,'Ley Universitaria Nª 30220, Resolución N° 272-2018-CCO-UNAJ - Reglamento de Organización y Funciones de la UNAJ','','','4','','','','2024-04-01','2024-04-01 00:00:00',0),(279,'UNIVERSIDAD NACIONAL DE JULIACA - UNAJ',23,'DIRECCION DE BIENESTAR UNIVERSITARIO','42','DBU-PSICO/07','Correspondencia','T',2,3,5,'Ley Universitaria Nª 30220, Resolución N° 272-2018-CCO-UNAJ - Reglamento de Organización y Funciones de la UNAJ','Documentación interna o externa, que se emite o recibe, en cumplimiento de las funciones establecidas en las normas generales y las internas (ROF)','Memorandum, informes, cartas, oficios, etc.','Media','D.S. N° 054-2018-PCM.  ROF UNAJ','Pública','','2024-04-01','2024-04-01 00:00:00',0),(280,'UNIVERSIDAD NACIONAL DE JULIACA - UNAJ',23,'DIRECCION DE BIENESTAR UNIVERSITARIO','43','DBU-SALUD/08','Fichas de evaluación medica','T',5,5,10,'Ley Universitaria Nª 30220, Resolución N° 272-2018-CCO-UNAJ - Reglamento de Organización y Funciones de la UNAJ','','','4','','','','2024-04-01','2024-04-01 00:00:00',0),(281,'UNIVERSIDAD NACIONAL DE JULIACA - UNAJ',23,'DIRECCION DE BIENESTAR UNIVERSITARIO','43','DBU-SALUD/09','Resultados de laboratorio','T',5,5,10,'Ley Universitaria Nª 30220, Resolución N° 272-2018-CCO-UNAJ - Reglamento de Organización y Funciones de la UNAJ','','','4','','','','2024-04-01','2024-04-01 00:00:00',0),(282,'UNIVERSIDAD NACIONAL DE JULIACA - UNAJ',23,'DIRECCION DE BIENESTAR UNIVERSITARIO','43','DBU-SALUD/10','Constancia de Atención','T',2,3,5,'Ley Universitaria Nª 30220, Resolución N° 272-2018-CCO-UNAJ - Reglamento de Organización y Funciones de la UNAJ','','','4','','','','2024-04-01','2024-04-01 00:00:00',0),(283,'UNIVERSIDAD NACIONAL DE JULIACA - UNAJ',23,'DIRECCION DE BIENESTAR UNIVERSITARIO','43','DBU-SALUD/11','Certificados de Vacunación','T',2,3,5,'Ley Universitaria Nª 30220, Resolución N° 272-2018-CCO-UNAJ - Reglamento de Organización y Funciones de la UNAJ','','','4','','','','2024-04-01','2024-04-01 00:00:00',0),(284,'UNIVERSIDAD NACIONAL DE JULIACA - UNAJ',23,'DIRECCION DE BIENESTAR UNIVERSITARIO','43','DBU-SALUD/12','Fichas de Evaluación nutricional','T',5,5,10,'Ley Universitaria Nª 30220, Resolución N° 272-2018-CCO-UNAJ - Reglamento de Organización y Funciones de la UNAJ','','','4','','','','2024-04-01','2024-04-01 00:00:00',0),(285,'UNIVERSIDAD NACIONAL DE JULIACA - UNAJ',23,'DIRECCION DE BIENESTAR UNIVERSITARIO','43','DBU-SALUD/13','Cuaderno de registro de salida de medicamentos','T',2,3,5,'Ley Universitaria Nª 30220, Resolución N° 272-2018-CCO-UNAJ - Reglamento de Organización y Funciones de la UNAJ','','','4','','','','2024-04-01','2024-04-01 00:00:00',0),(286,'UNIVERSIDAD NACIONAL DE JULIACA - UNAJ',23,'DIRECCION DE BIENESTAR UNIVERSITARIO','43','DBU-SALUD/14','Cuaderno de evaluación medica','T',2,3,5,'Ley Universitaria Nª 30220, Resolución N° 272-2018-CCO-UNAJ - Reglamento de Organización y Funciones de la UNAJ','','','4','','','','2024-04-01','2024-04-01 00:00:00',0),(287,'UNIVERSIDAD NACIONAL DE JULIACA - UNAJ',23,'DIRECCION DE BIENESTAR UNIVERSITARIO','43','DBU-SALUD/15','Correspondencia','T',1,4,5,'Ley Universitaria Nª 30220, Resolución N° 272-2018-CCO-UNAJ - Reglamento de Organización y Funciones de la UNAJ','Documentación interna o externa, que se emite o recibe, en cumplimiento de las funciones establecidas en las normas generales y las internas (ROF)','Memorandum, informes, cartas, oficios, etc.','Media','D.S. N° 054-2018-PCM.  ROF UNAJ','Pública','','2024-04-01','2024-04-01 00:00:00',0),(288,'UNIVERSIDAD NACIONAL DE JULIACA - UNAJ',23,'DIRECCION DE BIENESTAR UNIVERSITARIO','44','DBU-DyR/16','Informe de actividades','T',5,5,10,'Ley Universitaria Nª 30220, Resolución N° 272-2018-CCO-UNAJ - Reglamento de Organización y Funciones de la UNAJ','','','4','','','','2024-04-01','2024-04-01 00:00:00',0),(289,'UNIVERSIDAD NACIONAL DE JULIACA - UNAJ',23,'DIRECCION DE BIENESTAR UNIVERSITARIO','44','DBU-DyR/17','Libro de actas','T',5,0,5,'Ley Universitaria Nª 30220, Resolución N° 272-2018-CCO-UNAJ - Reglamento de Organización y Funciones de la UNAJ','','','4','','','','2024-04-01','2024-04-01 00:00:00',0),(290,'UNIVERSIDAD NACIONAL DE JULIACA - UNAJ',23,'DIRECCION DE BIENESTAR UNIVERSITARIO','44','DBU-DyR/18','Correspondencia','T',2,3,5,'Ley Universitaria Nª 30220, Resolución N° 272-2018-CCO-UNAJ - Reglamento de Organización y Funciones de la UNAJ','Documentación interna o externa, que se emite o recibe, en cumplimiento de las funciones establecidas en las normas generales y las internas (ROF)','Memorandum, informes, cartas, oficios, etc.','Media','D.S. N° 054-2018-PCM.  ROF UNAJ','Pública','','2024-04-01','2024-04-01 00:00:00',0),(291,'UNIVERSIDAD NACIONAL DE JULIACA - UNAJ',23,'DIRECCION DE BIENESTAR UNIVERSITARIO','45','DBU-ARTE/19','Registro de instrumentos','P',3,27,30,'Ley Universitaria Nª 30220, Resolución N° 272-2018-CCO-UNAJ - Reglamento de Organización y Funciones de la UNAJ','','','4','','','','2024-04-01','2024-04-01 00:00:00',0),(292,'UNIVERSIDAD NACIONAL DE JULIACA - UNAJ',23,'DIRECCION DE BIENESTAR UNIVERSITARIO','45','DBU-ARTE/20','Artículos','P',3,27,30,'Ley Universitaria Nª 30220, Resolución N° 272-2018-CCO-UNAJ - Reglamento de Organización y Funciones de la UNAJ','','','4','','','','2024-04-01','2024-04-01 00:00:00',0),(293,'UNIVERSIDAD NACIONAL DE JULIACA - UNAJ',23,'DIRECCION DE BIENESTAR UNIVERSITARIO','45','DBU-ARTE/21','Informe de actividades','T',3,2,5,'Ley Universitaria Nª 30220, Resolución N° 272-2018-CCO-UNAJ - Reglamento de Organización y Funciones de la UNAJ','','','4','','','','2024-04-01','2024-04-01 00:00:00',0),(294,'UNIVERSIDAD NACIONAL DE JULIACA - UNAJ',23,'DIRECCION DE BIENESTAR UNIVERSITARIO','45','DBU-ARTE/22','Libro de actas','T',3,2,5,'Ley Universitaria Nª 30220, Resolución N° 272-2018-CCO-UNAJ - Reglamento de Organización y Funciones de la UNAJ','','','4','','','','2024-04-01','2024-04-01 00:00:00',0),(295,'UNIVERSIDAD NACIONAL DE JULIACA - UNAJ',23,'DIRECCION DE BIENESTAR UNIVERSITARIO','45','DBU-ARTE/23','Correspondencia','T',2,3,5,'Ley Universitaria Nª 30220, Resolución N° 272-2018-CCO-UNAJ - Reglamento de Organización y Funciones de la UNAJ','Documentación interna o externa, que se emite o recibe, en cumplimiento de las funciones establecidas en las normas generales y las internas (ROF)','Memorandum, informes, cartas, oficios, etc.','Media','D.S. N° 054-2018-PCM.  ROF UNAJ','Pública','','2024-04-01','2024-04-01 00:00:00',0),(296,'UNIVERSIDAD NACIONAL DE JULIACA - UNAJ',23,'DIRECCION DE BIENESTAR UNIVERSITARIO','45','DBU-ARTE/24','Repositorio digital','',0,0,0,'Ley Universitaria Nª 30220, Resolución N° 272-2018-CCO-UNAJ - Reglamento de Organización y Funciones de la UNAJ','','','4','','','','2024-04-01','2024-04-01 00:00:00',0),(297,'UNIVERSIDAD NACIONAL DE JULIACA - UNAJ',23,'DIRECCION DE BIENESTAR UNIVERSITARIO','46','DBU-SS/25','Registro de entregas','P',2,28,30,'Ley Universitaria Nª 30220, Resolución N° 272-2018-CCO-UNAJ - Reglamento de Organización y Funciones de la UNAJ','','','4','','','','2024-04-01','2024-04-01 00:00:00',0),(298,'UNIVERSIDAD NACIONAL DE JULIACA - UNAJ',23,'DIRECCION DE BIENESTAR UNIVERSITARIO','46','DBU-SS/26','Expediente de evaluación de becarios','T',1,4,5,'Ley Universitaria Nª 30220, Resolución N° 272-2018-CCO-UNAJ - Reglamento de Organización y Funciones de la UNAJ','','','4','','','','2024-04-01','2024-04-01 00:00:00',0),(299,'UNIVERSIDAD NACIONAL DE JULIACA - UNAJ',23,'DIRECCION DE BIENESTAR UNIVERSITARIO','46','DBU-SS/27','Informes sociales','T',3,2,5,'Ley Universitaria Nª 30220, Resolución N° 272-2018-CCO-UNAJ - Reglamento de Organización y Funciones de la UNAJ','','','4','','','','2024-04-01','2024-04-01 00:00:00',0),(300,'UNIVERSIDAD NACIONAL DE JULIACA - UNAJ',23,'DIRECCION DE BIENESTAR UNIVERSITARIO','46','DBU-SS/28','Información del personal','T',3,2,5,'Ley Universitaria Nª 30220, Resolución N° 272-2018-CCO-UNAJ - Reglamento de Organización y Funciones de la UNAJ','','','4','','','','2024-04-01','2024-04-01 00:00:00',0),(301,'UNIVERSIDAD NACIONAL DE JULIACA - UNAJ',23,'DIRECCION DE BIENESTAR UNIVERSITARIO','46','DBU-SS/29','Correspondencia','T',4,1,5,'Ley Universitaria Nª 30220, Resolución N° 272-2018-CCO-UNAJ - Reglamento de Organización y Funciones de la UNAJ','Documentación interna o externa, que se emite o recibe, en cumplimiento de las funciones establecidas en las normas generales y las internas (ROF)','Memorandum, informes, cartas, oficios, etc.','Media','D.S. N° 054-2018-PCM.  ROF UNAJ','Pública','','2024-04-01','2024-04-01 00:00:00',0),(302,'UNIVERSIDAD NACIONAL DE JULIACA - UNAJ',23,'DIRECCION DE BIENESTAR UNIVERSITARIO','47','DBU-CU/30','Registro de entregas','T',1,4,5,'Ley Universitaria Nª 30220, Resolución N° 272-2018-CCO-UNAJ - Reglamento de Organización y Funciones de la UNAJ','','','4','','','','2024-04-01','2024-04-01 00:00:00',0),(303,'UNIVERSIDAD NACIONAL DE JULIACA - UNAJ',23,'DIRECCION DE BIENESTAR UNIVERSITARIO','47','DBU-CU/31','Ficha de supervisión a comedor','T',1,4,5,'Ley Universitaria Nª 30220, Resolución N° 272-2018-CCO-UNAJ - Reglamento de Organización y Funciones de la UNAJ','','','4','','','','2024-04-01','2024-04-01 00:00:00',0),(304,'UNIVERSIDAD NACIONAL DE JULIACA - UNAJ',23,'DIRECCION DE BIENESTAR UNIVERSITARIO','47','DBU-CU/32','Fichas de evaluación nutricional y consejería','T',3,5,8,'Ley Universitaria Nª 30220, Resolución N° 272-2018-CCO-UNAJ - Reglamento de Organización y Funciones de la UNAJ','','','4','','','','2024-04-01','2024-04-01 00:00:00',0),(305,'UNIVERSIDAD NACIONAL DE JULIACA - UNAJ',23,'DIRECCION DE BIENESTAR UNIVERSITARIO','47','DBU-CU/33','Correspondencia','T',2,3,5,'Ley Universitaria Nª 30220, Resolución N° 272-2018-CCO-UNAJ - Reglamento de Organización y Funciones de la UNAJ','Documentación interna o externa, que se emite o recibe, en cumplimiento de las funciones establecidas en las normas generales y las internas (ROF)','Memorandum, informes, cartas, oficios, etc.','Media','D.S. N° 054-2018-PCM.  ROF UNAJ','Pública','','2024-04-01','2024-04-01 00:00:00',0),(306,'UNIVERSIDAD NACIONAL DE JULIACA - UNAJ',24,'DIRECCION DE GESTION DE ASUNTOS ACADEMICOS','48','DIGEAA/01','Normas, lineamientos, Reglamentos y directivas','P',10,20,30,'Ley Universitaria Nª 30220, Resolución N° 272-2018-CCO-UNAJ - Reglamento de Organización y Funciones de la UNAJ','','','4','','','','2024-04-01','2024-04-01 00:00:00',0),(307,'UNIVERSIDAD NACIONAL DE JULIACA - UNAJ',24,'DIRECCION DE GESTION DE ASUNTOS ACADEMICOS','48','DIGEAA/02','Correspondencia','T',3,2,5,'Ley Universitaria Nª 30220, Resolución N° 272-2018-CCO-UNAJ - Reglamento de Organización y Funciones de la UNAJ','Documentación interna o externa, que se emite o recibe, en cumplimiento de las funciones establecidas en las normas generales y las internas (ROF)','Memorandum, informes, cartas, oficios, etc.','Media','D.S. N° 054-2018-PCM.  ROF UNAJ','Pública','','2024-04-01','2024-04-01 00:00:00',0),(308,'UNIVERSIDAD NACIONAL DE JULIACA - UNAJ',24,'DIRECCION DE GESTION DE ASUNTOS ACADEMICOS','49','DIGEAA-ERRA/03','Historial académico - Sistema','P',10,20,30,'Ley Universitaria Nª 30220, Resolución N° 272-2018-CCO-UNAJ - Reglamento de Organización y Funciones de la UNAJ','','','4','','','','2024-04-01','2024-04-01 00:00:00',0),(309,'UNIVERSIDAD NACIONAL DE JULIACA - UNAJ',24,'DIRECCION DE GESTION DE ASUNTOS ACADEMICOS','49','DIGEAA-ERRA/04','Documentación personal de estudiantes','P',10,20,30,'Ley Universitaria Nª 30220, Resolución N° 272-2018-CCO-UNAJ - Reglamento de Organización y Funciones de la UNAJ','','','4','','','','2024-04-01','2024-04-01 00:00:00',0),(310,'UNIVERSIDAD NACIONAL DE JULIACA - UNAJ',24,'DIRECCION DE GESTION DE ASUNTOS ACADEMICOS','49','DIGEAA-ERRA/05','Certificado de estudios - Sistema','P',10,20,30,'Ley Universitaria Nª 30220, Resolución N° 272-2018-CCO-UNAJ - Reglamento de Organización y Funciones de la UNAJ','','','4','','','','2024-04-01','2024-04-01 00:00:00',0),(311,'UNIVERSIDAD NACIONAL DE JULIACA - UNAJ',24,'DIRECCION DE GESTION DE ASUNTOS ACADEMICOS','49','DIGEAA-ERRA/06','Constancias','T',3,3,6,'Ley Universitaria Nª 30220, Resolución N° 272-2018-CCO-UNAJ - Reglamento de Organización y Funciones de la UNAJ','','','4','','','','2024-04-01','2024-04-01 00:00:00',0),(312,'UNIVERSIDAD NACIONAL DE JULIACA - UNAJ',24,'DIRECCION DE GESTION DE ASUNTOS ACADEMICOS','49','DIGEAA-ERRA/07','Puestos de ubicación del ranking','T',3,3,6,'Ley Universitaria Nª 30220, Resolución N° 272-2018-CCO-UNAJ - Reglamento de Organización y Funciones de la UNAJ','','','4','','','','2024-04-01','2024-04-01 00:00:00',0),(313,'UNIVERSIDAD NACIONAL DE JULIACA - UNAJ',24,'DIRECCION DE GESTION DE ASUNTOS ACADEMICOS','49','DIGEAA-ERRA/08','Cuadro de méritos','T',3,3,6,'Ley Universitaria Nª 30220, Resolución N° 272-2018-CCO-UNAJ - Reglamento de Organización y Funciones de la UNAJ','','','4','','','','2024-04-01','2024-04-01 00:00:00',0),(314,'UNIVERSIDAD NACIONAL DE JULIACA - UNAJ',24,'DIRECCION DE GESTION DE ASUNTOS ACADEMICOS','49','DIGEAA-ERRA/09','Actas de notas','P',5,25,30,'Ley Universitaria Nª 30220, Resolución N° 272-2018-CCO-UNAJ - Reglamento de Organización y Funciones de la UNAJ','','','4','','','','2024-04-01','2024-04-01 00:00:00',0),(315,'UNIVERSIDAD NACIONAL DE JULIACA - UNAJ',24,'DIRECCION DE GESTION DE ASUNTOS ACADEMICOS','49','DIGEAA-ERRA/10','Boleta de notas','T',1,1,2,'Ley Universitaria Nª 30220, Resolución N° 272-2018-CCO-UNAJ - Reglamento de Organización y Funciones de la UNAJ','','','4','','','','2024-04-01','2024-04-01 00:00:00',0),(316,'UNIVERSIDAD NACIONAL DE JULIACA - UNAJ',24,'DIRECCION DE GESTION DE ASUNTOS ACADEMICOS','49','DIGEAA-ERRA/11','Ficha de matriculas (Primera)','P',2,28,30,'Ley Universitaria Nª 30220, Resolución N° 272-2018-CCO-UNAJ - Reglamento de Organización y Funciones de la UNAJ','','','4','','','','2024-04-01','2024-04-01 00:00:00',0),(317,'UNIVERSIDAD NACIONAL DE JULIACA - UNAJ',24,'DIRECCION DE GESTION DE ASUNTOS ACADEMICOS','49','DIGEAA-ERRA/12','Resolución','P',2,28,30,'Ley Universitaria Nª 30220, Resolución N° 272-2018-CCO-UNAJ - Reglamento de Organización y Funciones de la UNAJ','','','4','','','','2024-04-01','2024-04-01 00:00:00',0),(318,'UNIVERSIDAD NACIONAL DE JULIACA - UNAJ',24,'DIRECCION DE GESTION DE ASUNTOS ACADEMICOS','49','DIGEAA-ERRA/13','Programas de estudios','',0,0,0,'Ley Universitaria Nª 30220, Resolución N° 272-2018-CCO-UNAJ - Reglamento de Organización y Funciones de la UNAJ','','','4','','','','2024-04-01','2024-04-01 00:00:00',0),(319,'UNIVERSIDAD NACIONAL DE JULIACA - UNAJ',24,'DIRECCION DE GESTION DE ASUNTOS ACADEMICOS','49','DIGEAA-ERRA/15','Correspondencia','T',3,3,6,'Ley Universitaria Nª 30220, Resolución N° 272-2018-CCO-UNAJ - Reglamento de Organización y Funciones de la UNAJ','Documentación interna o externa, que se emite o recibe, en cumplimiento de las funciones establecidas en las normas generales y las internas (ROF)','Memorandum, informes, cartas, oficios, etc.','Media','D.S. N° 054-2018-PCM.  ROF UNAJ','Pública','','2024-04-01','2024-04-01 00:00:00',0),(320,'UNIVERSIDAD NACIONAL DE JULIACA - UNAJ',24,'DIRECCION DE GESTION DE ASUNTOS ACADEMICOS','49','DIGEAA-EPDEA/16','Constancia de no adeudar','T',1,1,2,'Ley Universitaria Nª 30220, Resolución N° 272-2018-CCO-UNAJ - Reglamento de Organización y Funciones de la UNAJ','','','4','','','','2024-04-01','2024-04-01 00:00:00',0),(321,'UNIVERSIDAD NACIONAL DE JULIACA - UNAJ',24,'DIRECCION DE GESTION DE ASUNTOS ACADEMICOS','49','DIGEAA-EPDEA/17','Informe técnico','T',3,3,6,'Ley Universitaria Nª 30220, Resolución N° 272-2018-CCO-UNAJ - Reglamento de Organización y Funciones de la UNAJ','','','4','','','','2024-04-01','2024-04-01 00:00:00',0),(322,'UNIVERSIDAD NACIONAL DE JULIACA - UNAJ',24,'DIRECCION DE GESTION DE ASUNTOS ACADEMICOS','49','DIGEAA-EPDEA/18','Expediente de aprobación del plan de trabajo','T',3,3,6,'Ley Universitaria Nª 30220, Resolución N° 272-2018-CCO-UNAJ - Reglamento de Organización y Funciones de la UNAJ','','','4','','','','2024-04-01','2024-04-01 00:00:00',0),(323,'UNIVERSIDAD NACIONAL DE JULIACA - UNAJ',24,'DIRECCION DE GESTION DE ASUNTOS ACADEMICOS','49','DIGEAA-EPDEA/19','Correspondencia','T',5,5,10,'Ley Universitaria Nª 30220, Resolución N° 272-2018-CCO-UNAJ - Reglamento de Organización y Funciones de la UNAJ','Documentación interna o externa, que se emite o recibe, en cumplimiento de las funciones establecidas en las normas generales y las internas (ROF)','Memorandum, informes, cartas, oficios, etc.','Media','D.S. N° 054-2018-PCM.  ROF UNAJ','Pública','','2024-04-01','2024-04-01 00:00:00',0),(324,'UNIVERSIDAD NACIONAL DE JULIACA - UNAJ',24,'DIRECCION DE GESTION DE ASUNTOS ACADEMICOS','51','DIGEAA-ESM/20','Proceso de evaluación de docentes','P',5,25,30,'Ley Universitaria Nª 30220, Resolución N° 272-2018-CCO-UNAJ - Reglamento de Organización y Funciones de la UNAJ','','','4','','','','2024-04-01','2024-04-01 00:00:00',0),(325,'UNIVERSIDAD NACIONAL DE JULIACA - UNAJ',24,'DIRECCION DE GESTION DE ASUNTOS ACADEMICOS','51','DIGEAA-ESM/21','Normas y procedimientos','P',2,28,30,'Ley Universitaria Nª 30220, Resolución N° 272-2018-CCO-UNAJ - Reglamento de Organización y Funciones de la UNAJ','','','4','','','','2024-04-01','2024-04-01 00:00:00',0),(326,'UNIVERSIDAD NACIONAL DE JULIACA - UNAJ',24,'DIRECCION DE GESTION DE ASUNTOS ACADEMICOS','51','DIGEAA-ESM/22','Actas de supervisión','T',2,3,5,'Ley Universitaria Nª 30220, Resolución N° 272-2018-CCO-UNAJ - Reglamento de Organización y Funciones de la UNAJ','','','4','','','','2024-04-01','2024-04-01 00:00:00',0),(327,'UNIVERSIDAD NACIONAL DE JULIACA - UNAJ',24,'DIRECCION DE GESTION DE ASUNTOS ACADEMICOS','51','DIGEAA-ESM/23','Planes de recuperación','T',2,3,5,'Ley Universitaria Nª 30220, Resolución N° 272-2018-CCO-UNAJ - Reglamento de Organización y Funciones de la UNAJ','','','4','','','','2024-04-01','2024-04-01 00:00:00',0),(328,'UNIVERSIDAD NACIONAL DE JULIACA - UNAJ',24,'DIRECCION DE GESTION DE ASUNTOS ACADEMICOS','51','DIGEAA-ESM/24','Correspondencia','T',3,2,5,'Ley Universitaria Nª 30220, Resolución N° 272-2018-CCO-UNAJ - Reglamento de Organización y Funciones de la UNAJ','Documentación interna o externa, que se emite o recibe, en cumplimiento de las funciones establecidas en las normas generales y las internas (ROF)','Memorandum, informes, cartas, oficios, etc.','Media','D.S. N° 054-2018-PCM.  ROF UNAJ','Pública','','2024-04-01','2024-04-01 00:00:00',0),(329,'UNIVERSIDAD NACIONAL DE JULIACA - UNAJ',24,'DIRECCION DE GESTION DE ASUNTOS ACADEMICOS','52','DIGEAA-SEyBT/25','Sistema de seguimiento de egresados','P',6,24,30,'Ley Universitaria Nª 30220, Resolución N° 272-2018-CCO-UNAJ - Reglamento de Organización y Funciones de la UNAJ','','','4','','','','2024-04-01','2024-04-01 00:00:00',0),(330,'UNIVERSIDAD NACIONAL DE JULIACA - UNAJ',24,'DIRECCION DE GESTION DE ASUNTOS ACADEMICOS','52','DIGEAA-SEyBT/26','Gestión de Calidad','P',3,27,30,'Ley Universitaria Nª 30220, Resolución N° 272-2018-CCO-UNAJ - Reglamento de Organización y Funciones de la UNAJ','','','4','','','','2024-04-01','2024-04-01 00:00:00',0),(331,'UNIVERSIDAD NACIONAL DE JULIACA - UNAJ',24,'DIRECCION DE GESTION DE ASUNTOS ACADEMICOS','52','DIGEAA-SEyBT/27','Bolsa de trabajo','P',6,24,30,'Ley Universitaria Nª 30220, Resolución N° 272-2018-CCO-UNAJ - Reglamento de Organización y Funciones de la UNAJ','','','4','','','','2024-04-01','2024-04-01 00:00:00',0),(332,'UNIVERSIDAD NACIONAL DE JULIACA - UNAJ',24,'DIRECCION DE GESTION DE ASUNTOS ACADEMICOS','52','DIGEAA-SEyBT/28','Correspondencia','T',6,1,7,'Ley Universitaria Nª 30220, Resolución N° 272-2018-CCO-UNAJ - Reglamento de Organización y Funciones de la UNAJ','Documentación interna o externa, que se emite o recibe, en cumplimiento de las funciones establecidas en las normas generales y las internas (ROF)','Memorandum, informes, cartas, oficios, etc.','Media','D.S. N° 054-2018-PCM.  ROF UNAJ','Pública','','2024-04-01','2024-04-01 00:00:00',0),(333,'UNIVERSIDAD NACIONAL DE JULIACA - UNAJ',24,'DIRECCION DE GESTION DE ASUNTOS ACADEMICOS','53','DIGEAA-TUTOR/28','Orientación psicopedagógica (Tutoría)','T',5,1,6,'Ley Universitaria Nª 30220, Resolución N° 272-2018-CCO-UNAJ - Reglamento de Organización y Funciones de la UNAJ','','','4','','','','2024-04-01','2024-04-01 00:00:00',0),(334,'UNIVERSIDAD NACIONAL DE JULIACA - UNAJ',24,'DIRECCION DE GESTION DE ASUNTOS ACADEMICOS','53','DIGEAA-TUTOR/29','Correspondencia','T',5,1,6,'Ley Universitaria Nª 30220, Resolución N° 272-2018-CCO-UNAJ - Reglamento de Organización y Funciones de la UNAJ','Documentación interna o externa, que se emite o recibe, en cumplimiento de las funciones establecidas en las normas generales y las internas (ROF)','Memorandum, informes, cartas, oficios, etc.','Media','D.S. N° 054-2018-PCM.  ROF UNAJ','Pública','','2024-04-01','2024-04-01 00:00:00',0),(335,'UNIVERSIDAD NACIONAL DE JULIACA - UNAJ',24,'DIRECCION DE GESTION DE ASUNTOS ACADEMICOS','54','DIGEAA-CURR/30','Currículos','P',6,24,30,'Ley Universitaria Nª 30220, Resolución N° 272-2018-CCO-UNAJ - Reglamento de Organización y Funciones de la UNAJ','','','4','','','','2024-04-01','2024-04-01 00:00:00',0),(336,'UNIVERSIDAD NACIONAL DE JULIACA - UNAJ',24,'DIRECCION DE GESTION DE ASUNTOS ACADEMICOS','54','DIGEAA-CURR/31','Evaluación curricular','P',6,24,30,'Ley Universitaria Nª 30220, Resolución N° 272-2018-CCO-UNAJ - Reglamento de Organización y Funciones de la UNAJ','','','4','','','','2024-04-01','2024-04-01 00:00:00',0),(337,'UNIVERSIDAD NACIONAL DE JULIACA - UNAJ',24,'DIRECCION DE GESTION DE ASUNTOS ACADEMICOS','54','DIGEAA-CURR/32','Rediseño curricular','P',6,24,30,'Ley Universitaria Nª 30220, Resolución N° 272-2018-CCO-UNAJ - Reglamento de Organización y Funciones de la UNAJ','','','4','','','','2024-04-01','2024-04-01 00:00:00',0),(338,'UNIVERSIDAD NACIONAL DE JULIACA - UNAJ',24,'DIRECCION DE GESTION DE ASUNTOS ACADEMICOS','54','DIGEAA-CURR/33','Actualización Curricular','P',6,24,30,'Ley Universitaria Nª 30220, Resolución N° 272-2018-CCO-UNAJ - Reglamento de Organización y Funciones de la UNAJ','','','4','','','','2024-04-01','2024-04-01 00:00:00',0),(339,'UNIVERSIDAD NACIONAL DE JULIACA - UNAJ',24,'DIRECCION DE GESTION DE ASUNTOS ACADEMICOS','54','DIGEAA-CURR/34','Correspondencia','T',6,1,7,'Ley Universitaria Nª 30220, Resolución N° 272-2018-CCO-UNAJ - Reglamento de Organización y Funciones de la UNAJ','Documentación interna o externa, que se emite o recibe, en cumplimiento de las funciones establecidas en las normas generales y las internas (ROF)','Memorandum, informes, cartas, oficios, etc.','Media','D.S. N° 054-2018-PCM.  ROF UNAJ','Pública','','2024-04-01','2024-04-01 00:00:00',0),(340,'UNIVERSIDAD NACIONAL DE JULIACA - UNAJ',25,'DIRECCION DE ADMISION','55','DA/01','Reglamento General de admisión','P',3,27,30,'Ley Universitaria Nª 30220, Resolución N° 272-2018-CCO-UNAJ - Reglamento de Organización y Funciones de la UNAJ','','','4','','','','2024-04-01','2024-04-01 00:00:00',0),(341,'UNIVERSIDAD NACIONAL DE JULIACA - UNAJ',25,'DIRECCION DE ADMISION','55','DA/02','Planes de trabajo','P',3,27,30,'Ley Universitaria Nª 30220, Resolución N° 272-2018-CCO-UNAJ - Reglamento de Organización y Funciones de la UNAJ','','','4','','','','2024-04-01','2024-04-01 00:00:00',0),(342,'UNIVERSIDAD NACIONAL DE JULIACA - UNAJ',25,'DIRECCION DE ADMISION','55','DA/03','Expediente de procesos de Admisión','P',3,27,30,'Ley Universitaria Nª 30220, Resolución N° 272-2018-CCO-UNAJ - Reglamento de Organización y Funciones de la UNAJ','','','4','','','','2024-04-01','2024-04-01 00:00:00',0),(343,'UNIVERSIDAD NACIONAL DE JULIACA - UNAJ',25,'DIRECCION DE ADMISION','55','DA/04','Banco de preguntas','T',3,3,6,'Ley Universitaria Nª 30220, Resolución N° 272-2018-CCO-UNAJ - Reglamento de Organización y Funciones de la UNAJ','','','4','','','','2024-04-01','2024-04-01 00:00:00',0),(344,'UNIVERSIDAD NACIONAL DE JULIACA - UNAJ',25,'DIRECCION DE ADMISION','55','DA/05','Resultados de los procesos','P',3,27,30,'Ley Universitaria Nª 30220, Resolución N° 272-2018-CCO-UNAJ - Reglamento de Organización y Funciones de la UNAJ','','','4','','','','2024-04-01','2024-04-01 00:00:00',0),(345,'UNIVERSIDAD NACIONAL DE JULIACA - UNAJ',25,'DIRECCION DE ADMISION','55','DA/06','Registro de postulantes e ingresantes por proceso de admision','P',3,27,30,'Ley Universitaria Nª 30220, Resolución N° 272-2018-CCO-UNAJ - Reglamento de Organización y Funciones de la UNAJ','','','4','','','','2024-04-01','2024-04-01 00:00:00',0),(346,'UNIVERSIDAD NACIONAL DE JULIACA - UNAJ',25,'DIRECCION DE ADMISION','55','DA/07','Constancia de ingreso','T',3,5,8,'Ley Universitaria Nª 30220, Resolución N° 272-2018-CCO-UNAJ - Reglamento de Organización y Funciones de la UNAJ','','','4','','','','2024-04-01','2024-04-01 00:00:00',0),(347,'UNIVERSIDAD NACIONAL DE JULIACA - UNAJ',25,'DIRECCION DE ADMISION','55','DA/08','Expediente de los Ingresantes por proceso (Informe final, Ingresantes, etc)','P',3,27,30,'Ley Universitaria Nª 30220, Resolución N° 272-2018-CCO-UNAJ - Reglamento de Organización y Funciones de la UNAJ','','','4','','','','2024-04-01','2024-04-01 00:00:00',0),(348,'UNIVERSIDAD NACIONAL DE JULIACA - UNAJ',25,'DIRECCION DE ADMISION','55','DA/09','Correspondencia','T',3,2,5,'Ley Universitaria Nª 30220, Resolución N° 272-2018-CCO-UNAJ - Reglamento de Organización y Funciones de la UNAJ','Documentación interna o externa, que se emite o recibe, en cumplimiento de las funciones establecidas en las normas generales y las internas (ROF)','Memorandum, informes, cartas, oficios, etc.','Media','D.S. N° 054-2018-PCM.  ROF UNAJ','Pública','','2024-04-01','2024-04-01 00:00:00',0),(349,'UNIVERSIDAD NACIONAL DE JULIACA - UNAJ',25,'DIRECCION DE ADMISION','56','DA-CEPRE/10','Reglamentos','P',3,27,30,'Ley Universitaria Nª 30220, Resolución N° 272-2018-CCO-UNAJ - Reglamento de Organización y Funciones de la UNAJ','','','4','','','','2024-04-01','2024-04-01 00:00:00',0),(350,'UNIVERSIDAD NACIONAL DE JULIACA - UNAJ',25,'DIRECCION DE ADMISION','56','DA-CEPRE/11','Plan de trabajo','P',3,27,30,'Ley Universitaria Nª 30220, Resolución N° 272-2018-CCO-UNAJ - Reglamento de Organización y Funciones de la UNAJ','','','4','','','','2024-04-01','2024-04-01 00:00:00',0),(351,'UNIVERSIDAD NACIONAL DE JULIACA - UNAJ',25,'DIRECCION DE ADMISION','56','DA-CEPRE/12','Registro de estudiantes inscritos','T',3,2,5,'Ley Universitaria Nª 30220, Resolución N° 272-2018-CCO-UNAJ - Reglamento de Organización y Funciones de la UNAJ','','','4','','','','2024-04-01','2024-04-01 00:00:00',0),(352,'UNIVERSIDAD NACIONAL DE JULIACA - UNAJ',25,'DIRECCION DE ADMISION','56','DA-CEPRE/13','Certificados de estudios de postulantes','T',3,5,8,'Ley Universitaria Nª 30220, Resolución N° 272-2018-CCO-UNAJ - Reglamento de Organización y Funciones de la UNAJ','','','4','','','','2024-04-01','2024-04-01 00:00:00',0),(353,'UNIVERSIDAD NACIONAL DE JULIACA - UNAJ',25,'DIRECCION DE ADMISION','56','DA-CEPRE/14','Libro de actas','P',10,20,30,'Ley Universitaria Nª 30220, Resolución N° 272-2018-CCO-UNAJ - Reglamento de Organización y Funciones de la UNAJ','','','4','','','','2024-04-01','2024-04-01 00:00:00',0),(354,'UNIVERSIDAD NACIONAL DE JULIACA - UNAJ',25,'DIRECCION DE ADMISION','56','DA-CEPRE/15','Exámenes de los procesos de admisión','T',3,5,8,'Ley Universitaria Nª 30220, Resolución N° 272-2018-CCO-UNAJ - Reglamento de Organización y Funciones de la UNAJ','','','4','','','','2024-04-01','2024-04-01 00:00:00',0),(355,'UNIVERSIDAD NACIONAL DE JULIACA - UNAJ',25,'DIRECCION DE ADMISION','56','DA-CEPRE/16','Exámenes de los procesos de admisión de postulantes','T',3,2,5,'Ley Universitaria Nª 30220, Resolución N° 272-2018-CCO-UNAJ - Reglamento de Organización y Funciones de la UNAJ','','','4','','','','2024-04-01','2024-04-01 00:00:00',0),(356,'UNIVERSIDAD NACIONAL DE JULIACA - UNAJ',25,'DIRECCION DE ADMISION','56','DA-CEPRE/17','Cuadernillos CEPRE','T',3,3,6,'Ley Universitaria Nª 30220, Resolución N° 272-2018-CCO-UNAJ - Reglamento de Organización y Funciones de la UNAJ','','','4','','','','2024-04-01','2024-04-01 00:00:00',0),(357,'UNIVERSIDAD NACIONAL DE JULIACA - UNAJ',25,'DIRECCION DE ADMISION','56','DA-CEPRE/18','Expediente de concurso publico de docentes (Bases, Acta, Resultados)','P',3,27,30,'Ley Universitaria Nª 30220, Resolución N° 272-2018-CCO-UNAJ - Reglamento de Organización y Funciones de la UNAJ','','','4','','','','2024-04-01','2024-04-01 00:00:00',0),(358,'UNIVERSIDAD NACIONAL DE JULIACA - UNAJ',25,'DIRECCION DE ADMISION','56','DA-CEPRE/21','Cardex','T',3,2,5,'Ley Universitaria Nª 30220, Resolución N° 272-2018-CCO-UNAJ - Reglamento de Organización y Funciones de la UNAJ','','','4','','','','2024-04-01','2024-04-01 00:00:00',0),(359,'UNIVERSIDAD NACIONAL DE JULIACA - UNAJ',25,'DIRECCION DE ADMISION','56','DA-CEPRE/22','Cuaderno de cargos','T',3,2,5,'Ley Universitaria Nª 30220, Resolución N° 272-2018-CCO-UNAJ - Reglamento de Organización y Funciones de la UNAJ','','','4','','','','2024-04-01','2024-04-01 00:00:00',0),(360,'UNIVERSIDAD NACIONAL DE JULIACA - UNAJ',25,'DIRECCION DE ADMISION','56','DA-CEPRE/23','Compendio','P',5,25,30,'Ley Universitaria Nª 30220, Resolución N° 272-2018-CCO-UNAJ - Reglamento de Organización y Funciones de la UNAJ','','','4','','','','2024-04-01','2024-04-01 00:00:00',0),(361,'UNIVERSIDAD NACIONAL DE JULIACA - UNAJ',25,'DIRECCION DE ADMISION','56','DA-CEPRE/24','Correspondencia','T',3,2,5,'Ley Universitaria Nª 30220, Resolución N° 272-2018-CCO-UNAJ - Reglamento de Organización y Funciones de la UNAJ','Documentación interna o externa, que se emite o recibe, en cumplimiento de las funciones establecidas en las normas generales y las internas (ROF)','Memorandum, informes, cartas, oficios, etc.','Media','D.S. N° 054-2018-PCM.  ROF UNAJ','Pública','','2024-04-01','2024-04-01 00:00:00',0),(362,'UNIVERSIDAD NACIONAL DE JULIACA - UNAJ',26,'DIRECCION DE PRODUCCION DE BIENES Y SERVICIOS','57','DPByS/01','Alianzas estratégicas Instituciones publicas y privadas','P',2,28,30,'Ley Universitaria Nª 30220, Resolución N° 272-2018-CCO-UNAJ - Reglamento de Organización y Funciones de la UNAJ','','','4','','','','2024-04-01','2024-04-01 00:00:00',0),(363,'UNIVERSIDAD NACIONAL DE JULIACA - UNAJ',26,'DIRECCION DE PRODUCCION DE BIENES Y SERVICIOS','57','DPByS/02','Documentos de asesoramiento','P',3,27,30,'Ley Universitaria Nª 30220, Resolución N° 272-2018-CCO-UNAJ - Reglamento de Organización y Funciones de la UNAJ','','','4','','','','2024-04-01','2024-04-01 00:00:00',0),(364,'UNIVERSIDAD NACIONAL DE JULIACA - UNAJ',26,'DIRECCION DE PRODUCCION DE BIENES Y SERVICIOS','57','DPByS/03','Documentos de asistencia técnica','P',3,27,30,'Ley Universitaria Nª 30220, Resolución N° 272-2018-CCO-UNAJ - Reglamento de Organización y Funciones de la UNAJ','','','4','','','','2024-04-01','2024-04-01 00:00:00',0),(365,'UNIVERSIDAD NACIONAL DE JULIACA - UNAJ',26,'DIRECCION DE PRODUCCION DE BIENES Y SERVICIOS','57','DPByS/04','Programas de producción','P',3,27,30,'Ley Universitaria Nª 30220, Resolución N° 272-2018-CCO-UNAJ - Reglamento de Organización y Funciones de la UNAJ','','','4','','','','2024-04-01','2024-04-01 00:00:00',0),(366,'UNIVERSIDAD NACIONAL DE JULIACA - UNAJ',26,'DIRECCION DE PRODUCCION DE BIENES Y SERVICIOS','57','DPByS/05','Políticas, reglamentos y/o normas','P',2,28,30,'Ley Universitaria Nª 30220, Resolución N° 272-2018-CCO-UNAJ - Reglamento de Organización y Funciones de la UNAJ','','','4','','','','2024-04-01','2024-04-01 00:00:00',0),(367,'UNIVERSIDAD NACIONAL DE JULIACA - UNAJ',26,'DIRECCION DE PRODUCCION DE BIENES Y SERVICIOS','57','DPByS/06','Proyectos de investigación','P',3,27,30,'Ley Universitaria Nª 30220, Resolución N° 272-2018-CCO-UNAJ - Reglamento de Organización y Funciones de la UNAJ','','','4','','','','2024-04-01','2024-04-01 00:00:00',0),(368,'UNIVERSIDAD NACIONAL DE JULIACA - UNAJ',26,'DIRECCION DE PRODUCCION DE BIENES Y SERVICIOS','57','DPByS/07','Centros de producción','P',5,25,30,'Ley Universitaria Nª 30220, Resolución N° 272-2018-CCO-UNAJ - Reglamento de Organización y Funciones de la UNAJ','','','4','','','','2024-04-01','2024-04-01 00:00:00',0),(369,'UNIVERSIDAD NACIONAL DE JULIACA - UNAJ',26,'DIRECCION DE PRODUCCION DE BIENES Y SERVICIOS','57','DPByS/08','Memoria anual de la dirección','P',2,28,30,'Ley Universitaria Nª 30220, Resolución N° 272-2018-CCO-UNAJ - Reglamento de Organización y Funciones de la UNAJ','','','4','','','','2024-04-01','2024-04-01 00:00:00',0),(370,'UNIVERSIDAD NACIONAL DE JULIACA - UNAJ',26,'DIRECCION DE PRODUCCION DE BIENES Y SERVICIOS','57','DPByS/09','Correspondencia','T',3,2,5,'Ley Universitaria Nª 30220, Resolución N° 272-2018-CCO-UNAJ - Reglamento de Organización y Funciones de la UNAJ','Documentación interna o externa, que se emite o recibe, en cumplimiento de las funciones establecidas en las normas generales y las internas (ROF)','Memorandum, informes, cartas, oficios, etc.','Media','D.S. N° 054-2018-PCM.  ROF UNAJ','Pública','','2024-04-01','2024-04-01 00:00:00',0),(371,'UNIVERSIDAD NACIONAL DE JULIACA - UNAJ',27,'DIRECCION DE INCUBADORA DE EMPRESAS','58','DIE/01','Documentos de cooperación nacional / internacional','P',3,27,30,'Ley Universitaria Nª 30220, Resolución N° 272-2018-CCO-UNAJ - Reglamento de Organización y Funciones de la UNAJ','','','4','','','','2024-04-01','2024-04-01 00:00:00',0),(372,'UNIVERSIDAD NACIONAL DE JULIACA - UNAJ',27,'DIRECCION DE INCUBADORA DE EMPRESAS','58','DIE/02','Políticas, reglamentos y normas','P',3,27,30,'Ley Universitaria Nª 30220, Resolución N° 272-2018-CCO-UNAJ - Reglamento de Organización y Funciones de la UNAJ','','','4','','','','2024-04-01','2024-04-01 00:00:00',0),(373,'UNIVERSIDAD NACIONAL DE JULIACA - UNAJ',27,'DIRECCION DE INCUBADORA DE EMPRESAS','58','DIE/03','Servicios de la incubadora','P',3,27,30,'Ley Universitaria Nª 30220, Resolución N° 272-2018-CCO-UNAJ - Reglamento de Organización y Funciones de la UNAJ','','','4','','','','2024-04-01','2024-04-01 00:00:00',0),(374,'UNIVERSIDAD NACIONAL DE JULIACA - UNAJ',27,'DIRECCION DE INCUBADORA DE EMPRESAS','58','DIE/04','Procedimientos generales','P',3,27,30,'Ley Universitaria Nª 30220, Resolución N° 272-2018-CCO-UNAJ - Reglamento de Organización y Funciones de la UNAJ','','','4','','','','2024-04-01','2024-04-01 00:00:00',0),(375,'UNIVERSIDAD NACIONAL DE JULIACA - UNAJ',27,'DIRECCION DE INCUBADORA DE EMPRESAS','58','DIE/05','Directorio de incubados','P',3,27,30,'Ley Universitaria Nª 30220, Resolución N° 272-2018-CCO-UNAJ - Reglamento de Organización y Funciones de la UNAJ','','','4','','','','2024-04-01','2024-04-01 00:00:00',0),(376,'UNIVERSIDAD NACIONAL DE JULIACA - UNAJ',27,'DIRECCION DE INCUBADORA DE EMPRESAS','58','DIE/06','Personal de contacto de la incubadora','T',1,4,5,'Ley Universitaria Nª 30220, Resolución N° 272-2018-CCO-UNAJ - Reglamento de Organización y Funciones de la UNAJ','','','4','','','','2024-04-01','2024-04-01 00:00:00',0),(377,'UNIVERSIDAD NACIONAL DE JULIACA - UNAJ',27,'DIRECCION DE INCUBADORA DE EMPRESAS','58','DIE/07','Talleres','T',1,4,5,'Ley Universitaria Nª 30220, Resolución N° 272-2018-CCO-UNAJ - Reglamento de Organización y Funciones de la UNAJ','','','4','','','','2024-04-01','2024-04-01 00:00:00',0),(378,'UNIVERSIDAD NACIONAL DE JULIACA - UNAJ',27,'DIRECCION DE INCUBADORA DE EMPRESAS','58','DIE/08','Redes de contacto','T',1,4,5,'Ley Universitaria Nª 30220, Resolución N° 272-2018-CCO-UNAJ - Reglamento de Organización y Funciones de la UNAJ','','','4','','','','2024-04-01','2024-04-01 00:00:00',0),(379,'UNIVERSIDAD NACIONAL DE JULIACA - UNAJ',27,'DIRECCION DE INCUBADORA DE EMPRESAS','58','DIE/09','Alianzas estratégicas','T',2,6,8,'Ley Universitaria Nª 30220, Resolución N° 272-2018-CCO-UNAJ - Reglamento de Organización y Funciones de la UNAJ','','','4','','','','2024-04-01','2024-04-01 00:00:00',0),(380,'UNIVERSIDAD NACIONAL DE JULIACA - UNAJ',27,'DIRECCION DE INCUBADORA DE EMPRESAS','58','DIE/10','Plataforma de innovación y capacitación','P',3,27,30,'Ley Universitaria Nª 30220, Resolución N° 272-2018-CCO-UNAJ - Reglamento de Organización y Funciones de la UNAJ','','','4','','','','2024-04-01','2024-04-01 00:00:00',0),(381,'UNIVERSIDAD NACIONAL DE JULIACA - UNAJ',27,'DIRECCION DE INCUBADORA DE EMPRESAS','58','DIE/11','Asesoría técnica','P',4,26,30,'Ley Universitaria Nª 30220, Resolución N° 272-2018-CCO-UNAJ - Reglamento de Organización y Funciones de la UNAJ','','','4','','','','2024-04-01','2024-04-01 00:00:00',0),(382,'UNIVERSIDAD NACIONAL DE JULIACA - UNAJ',27,'DIRECCION DE INCUBADORA DE EMPRESAS','58','DIE/12','Políticas internas de la incubadora de empresas','P',3,27,30,'Ley Universitaria Nª 30220, Resolución N° 272-2018-CCO-UNAJ - Reglamento de Organización y Funciones de la UNAJ','','','4','','','','2024-04-01','2024-04-01 00:00:00',0),(383,'UNIVERSIDAD NACIONAL DE JULIACA - UNAJ',27,'DIRECCION DE INCUBADORA DE EMPRESAS','58','DIE/13','Monitoreo y asesoría de la incubadora','P',3,27,30,'Ley Universitaria Nª 30220, Resolución N° 272-2018-CCO-UNAJ - Reglamento de Organización y Funciones de la UNAJ','','','4','','','','2024-04-01','2024-04-01 00:00:00',0),(384,'UNIVERSIDAD NACIONAL DE JULIACA - UNAJ',27,'DIRECCION DE INCUBADORA DE EMPRESAS','58','DIE/14','Correspondencia','T',3,2,5,'Ley Universitaria Nª 30220, Resolución N° 272-2018-CCO-UNAJ - Reglamento de Organización y Funciones de la UNAJ','Documentación interna o externa, que se emite o recibe, en cumplimiento de las funciones establecidas en las normas generales y las internas (ROF)','Memorandum, informes, cartas, oficios, etc.','Media','D.S. N° 054-2018-PCM.  ROF UNAJ','Pública','','2024-04-01','2024-04-01 00:00:00',0),(385,'UNIVERSIDAD NACIONAL DE JULIACA - UNAJ',28,'DIRECCION DE INNOVACION Y TRANSFERENCIA TECNOLOGICA','59','DITT/01','Normas, reglamentos y directivas','P',3,27,30,'Ley Universitaria Nª 30220, Resolución N° 272-2018-CCO-UNAJ - Reglamento de Organización y Funciones de la UNAJ','','','4','','','','2024-04-01','2024-04-01 00:00:00',0),(386,'UNIVERSIDAD NACIONAL DE JULIACA - UNAJ',28,'DIRECCION DE INNOVACION Y TRANSFERENCIA TECNOLOGICA','59','DITT/02','Información transferible de unidades de investigación','P - Colección',3,27,30,'Ley Universitaria Nª 30220, Resolución N° 272-2018-CCO-UNAJ - Reglamento de Organización y Funciones de la UNAJ','','','4','','','','2024-04-01','2024-04-01 00:00:00',0),(387,'UNIVERSIDAD NACIONAL DE JULIACA - UNAJ',28,'DIRECCION DE INNOVACION Y TRANSFERENCIA TECNOLOGICA','59','DITT/03','Producción científica','P',5,25,30,'Ley Universitaria Nª 30220, Resolución N° 272-2018-CCO-UNAJ - Reglamento de Organización y Funciones de la UNAJ','','','4','','','','2024-04-01','2024-04-01 00:00:00',0),(388,'UNIVERSIDAD NACIONAL DE JULIACA - UNAJ',28,'DIRECCION DE INNOVACION Y TRANSFERENCIA TECNOLOGICA','59','DITT/04','Lineamientos de política y capacitación','P',3,27,30,'Ley Universitaria Nª 30220, Resolución N° 272-2018-CCO-UNAJ - Reglamento de Organización y Funciones de la UNAJ','','','4','','','','2024-04-01','2024-04-01 00:00:00',0),(389,'UNIVERSIDAD NACIONAL DE JULIACA - UNAJ',28,'DIRECCION DE INNOVACION Y TRANSFERENCIA TECNOLOGICA','59','DITT/06','Normas de seguimiento, monitoreo y evaluación de programas','P',5,25,30,'Ley Universitaria Nª 30220, Resolución N° 272-2018-CCO-UNAJ - Reglamento de Organización y Funciones de la UNAJ','','','4','','','','2024-04-01','2024-04-01 00:00:00',0),(390,'UNIVERSIDAD NACIONAL DE JULIACA - UNAJ',28,'DIRECCION DE INNOVACION Y TRANSFERENCIA TECNOLOGICA','59','DITT/07','Políticas de vinculación en la UNAJ','P',5,25,30,'Ley Universitaria Nª 30220, Resolución N° 272-2018-CCO-UNAJ - Reglamento de Organización y Funciones de la UNAJ','','','4','','','','2024-04-01','2024-04-01 00:00:00',0),(391,'UNIVERSIDAD NACIONAL DE JULIACA - UNAJ',28,'DIRECCION DE INNOVACION Y TRANSFERENCIA TECNOLOGICA','59','DITT/08','Trabajos de investigación generados por la UNAJ','P',5,25,30,'Ley Universitaria Nª 30220, Resolución N° 272-2018-CCO-UNAJ - Reglamento de Organización y Funciones de la UNAJ','','','4','','','','2024-04-01','2024-04-01 00:00:00',0),(392,'UNIVERSIDAD NACIONAL DE JULIACA - UNAJ',28,'DIRECCION DE INNOVACION Y TRANSFERENCIA TECNOLOGICA','59','DITT/09','Proyectos de investigación científica','P',5,25,30,'Ley Universitaria Nª 30220, Resolución N° 272-2018-CCO-UNAJ - Reglamento de Organización y Funciones de la UNAJ','','','4','','','','2024-04-01','2024-04-01 00:00:00',0),(393,'UNIVERSIDAD NACIONAL DE JULIACA - UNAJ',28,'DIRECCION DE INNOVACION Y TRANSFERENCIA TECNOLOGICA','59','DITT/10','Subvención parcial o total','P',5,25,30,'Ley Universitaria Nª 30220, Resolución N° 272-2018-CCO-UNAJ - Reglamento de Organización y Funciones de la UNAJ','','','4','','','','2024-04-01','2024-04-01 00:00:00',0),(394,'UNIVERSIDAD NACIONAL DE JULIACA - UNAJ',28,'DIRECCION DE INNOVACION Y TRANSFERENCIA TECNOLOGICA','59','DITT/12','Repositorio institucional de la UNAJ','P',4,26,30,'Ley Universitaria Nª 30220, Resolución N° 272-2018-CCO-UNAJ - Reglamento de Organización y Funciones de la UNAJ','','','4','','','','2024-04-01','2024-04-01 00:00:00',0),(395,'UNIVERSIDAD NACIONAL DE JULIACA - UNAJ',28,'DIRECCION DE INNOVACION Y TRANSFERENCIA TECNOLOGICA','59','DITT/13','Programas de estimulo a la investigación','P',2,28,30,'Ley Universitaria Nª 30220, Resolución N° 272-2018-CCO-UNAJ - Reglamento de Organización y Funciones de la UNAJ','','','4','','','','2024-04-01','2024-04-01 00:00:00',0),(396,'UNIVERSIDAD NACIONAL DE JULIACA - UNAJ',28,'DIRECCION DE INNOVACION Y TRANSFERENCIA TECNOLOGICA','59','DITT/14','Correspondencia','T',3,2,5,'Ley Universitaria Nª 30220, Resolución N° 272-2018-CCO-UNAJ - Reglamento de Organización y Funciones de la UNAJ','Documentación interna o externa, que se emite o recibe, en cumplimiento de las funciones establecidas en las normas generales y las internas (ROF)','Memorandum, informes, cartas, oficios, etc.','Media','D.S. N° 054-2018-PCM.  ROF UNAJ','Pública','','2024-04-01','2024-04-01 00:00:00',0),(397,'UNIVERSIDAD NACIONAL DE JULIACA - UNAJ',29,'INSTITUTO DE INVESTIGACION','60','ININ/01','Políticas, reglamentos y/o Normas','P',3,27,30,'Ley Universitaria Nª 30220, Resolución N° 272-2018-CCO-UNAJ - Reglamento de Organización y Funciones de la UNAJ','','','4','','','','2024-04-01','2024-04-01 00:00:00',0),(398,'UNIVERSIDAD NACIONAL DE JULIACA - UNAJ',29,'INSTITUTO DE INVESTIGACION','60','ININ/02','Semilleros de investigación','P',4,26,30,'Ley Universitaria Nª 30220, Resolución N° 272-2018-CCO-UNAJ - Reglamento de Organización y Funciones de la UNAJ','','','4','','','','2024-04-01','2024-04-01 00:00:00',0),(399,'UNIVERSIDAD NACIONAL DE JULIACA - UNAJ',29,'INSTITUTO DE INVESTIGACION','60','ININ/03','Círculos de investigación','P',4,26,30,'Ley Universitaria Nª 30220, Resolución N° 272-2018-CCO-UNAJ - Reglamento de Organización y Funciones de la UNAJ','','','4','','','','2024-04-01','2024-04-01 00:00:00',0),(400,'UNIVERSIDAD NACIONAL DE JULIACA - UNAJ',29,'INSTITUTO DE INVESTIGACION','60','ININ/04','Institutos de investigación','P',5,25,30,'Ley Universitaria Nª 30220, Resolución N° 272-2018-CCO-UNAJ - Reglamento de Organización y Funciones de la UNAJ','','','4','','','','2024-04-01','2024-04-01 00:00:00',0),(401,'UNIVERSIDAD NACIONAL DE JULIACA - UNAJ',29,'INSTITUTO DE INVESTIGACION','60','ININ/05','Publicación de investigaciones','P',5,25,30,'Ley Universitaria Nª 30220, Resolución N° 272-2018-CCO-UNAJ - Reglamento de Organización y Funciones de la UNAJ','','','4','','','','2024-04-01','2024-04-01 00:00:00',0),(402,'UNIVERSIDAD NACIONAL DE JULIACA - UNAJ',29,'INSTITUTO DE INVESTIGACION','60','ININ/06','Registro de publicaciones oficiales','P',5,25,30,'Ley Universitaria Nª 30220, Resolución N° 272-2018-CCO-UNAJ - Reglamento de Organización y Funciones de la UNAJ','','','4','','','','2024-04-01','2024-04-01 00:00:00',0),(403,'UNIVERSIDAD NACIONAL DE JULIACA - UNAJ',29,'INSTITUTO DE INVESTIGACION','60','ININ/07','Correspondencia','T',3,2,5,'Ley Universitaria Nª 30220, Resolución N° 272-2018-CCO-UNAJ - Reglamento de Organización y Funciones de la UNAJ','Documentación interna o externa, que se emite o recibe, en cumplimiento de las funciones establecidas en las normas generales y las internas (ROF)','Memorandum, informes, cartas, oficios, etc.','Media','D.S. N° 054-2018-PCM.  ROF UNAJ','Pública','','2024-04-01','2024-04-01 00:00:00',0),(404,'UNIVERSIDAD NACIONAL DE JULIACA - UNAJ',15,'DIRECCION GENERAL DE ADMINISTRACION','28','DIGA-ALMAC/40','Guia de remisión','T',3,2,5,'              ','Documento que sirve para sustentar el traslado de bienes emitida por el propietario de los bienes','Guía de remisión','Alta','MEF','Publica','Soporte: Papel( X ) Medios Electronicos (  ) Otros (  )','2024-04-01','2024-04-23 17:02:52',0),(405,'UNIVERSIDAD NACIONAL DE JULIACA - UNAJ',15,'DIRECCION GENERAL DE ADMINISTRACION','28','DIGA-ALMAC/40','Nota de entrada a almacen','T',3,2,5,'',NULL,NULL,NULL,NULL,NULL,NULL,'2024-04-01','2024-04-01 00:00:00',0);
/*!40000 ALTER TABLE `series` ENABLE KEYS */;
UNLOCK TABLES;

--
-- Table structure for table `uniorganica`
--

DROP TABLE IF EXISTS `uniorganica`;
/*!40101 SET @saved_cs_client     = @@character_set_client */;
/*!40101 SET character_set_client = utf8 */;
CREATE TABLE `uniorganica` (
  `iduniorganica` int(11) NOT NULL AUTO_INCREMENT,
  `uniorganica` varchar(255) NOT NULL,
  `codigo` varchar(10) DEFAULT NULL,
  PRIMARY KEY (`iduniorganica`)
) ENGINE=InnoDB AUTO_INCREMENT=30 DEFAULT CHARSET=utf8mb3 COLLATE=utf8mb3_spanish_ci;
/*!40101 SET character_set_client = @saved_cs_client */;

--
-- Dumping data for table `uniorganica`
--

LOCK TABLES `uniorganica` WRITE;
/*!40000 ALTER TABLE `uniorganica` DISABLE KEYS */;
INSERT INTO `uniorganica` VALUES (1,'Asamblea Universitaria','ASUN'),(2,'Consejo Universitario','CU'),(3,'Presidencia de la comisión organizadora','PCO'),(4,'Vicerrectorado Académico','VPAC'),(5,'Vicerrectorado de Investigación','VPIN'),(6,'Defensoría Universitaria','DU'),(7,'Tribunal de Honor Universitario','THU'),(8,'Comisión Permanente de Fiscalización','CPF'),(9,'Órgano de Control Institucional','OCI'),(10,'Oficina de Asesoría Jurídica','OAJ'),(11,'Oficina de Planeamiento y Presupuesto','OPP'),(12,'Oficina de Cooperación y Relaciones Internacionales','OCRI'),(13,'Oficina de Gestión de la Calidad','OGC'),(14,'Oficina de Comunicación e Imagen Institucional','OCII'),(15,'Dirección General de Administración','DIGA'),(16,'Oficina de Tecnologías de la Información','OTI'),(17,'Secretaría General','SG'),(18,'Archivo Central','AC'),(19,'Consejo de Facultad','CF'),(20,'Decanato','DECA'),(21,'Escuela de Posgrado','POST'),(22,'Dirección de Proyección Social y Extensión Cultural','DPSEC'),(23,'Dirección de Bienestar Universitario','DBU'),(24,'Dirección de Gestión de Asuntos Académicos','DIGEA'),(25,'Dirección de Admisión','DA'),(26,'Dirección de Centros de Producción de Bienes y Servicios','DCPBS'),(27,'Dirección de Incubadora de Empresas','DIE'),(28,'Dirección de Innovación y Transferencia Tecnológica','DITT'),(29,'Instituto de Investigación','ININ');
/*!40000 ALTER TABLE `uniorganica` ENABLE KEYS */;
UNLOCK TABLES;
/*!40103 SET TIME_ZONE=@OLD_TIME_ZONE */;

/*!40101 SET SQL_MODE=@OLD_SQL_MODE */;
/*!40014 SET FOREIGN_KEY_CHECKS=@OLD_FOREIGN_KEY_CHECKS */;
/*!40014 SET UNIQUE_CHECKS=@OLD_UNIQUE_CHECKS */;
/*!40101 SET CHARACTER_SET_CLIENT=@OLD_CHARACTER_SET_CLIENT */;
/*!40101 SET CHARACTER_SET_RESULTS=@OLD_CHARACTER_SET_RESULTS */;
/*!40101 SET COLLATION_CONNECTION=@OLD_COLLATION_CONNECTION */;
/*!40111 SET SQL_NOTES=@OLD_SQL_NOTES */;

-- Dump completed on 2024-04-25 10:33:27
